sale_id,invoice_no,sale_date,store_id,customer_id,product_id,quantity,unit_price,cost_price,discount_pct,total_amount
1001,INV-2025-12-27-0001,12/27/2025,7,603,9,1,2500,1380,0.00,2500
1002,INV-2024-10-24-0002,10/24/2024,7,559,12,5,1200,855,0.10,5400
1003,INV-2025-04-08-0003,4/8/2025,8,661,12,5,1200,727,0.10,5400
1004,INV-2023-07-12-0004,7/12/2023,5,653,11,4,1500,1047,0.05,5700
1005,INV-2023-09-25-0005,9/25/2023,5,513,7,3,400,248,0.00,1200
1006,INV-2025-02-02-0006,2/2/2025,6,537,6,7,500,277,0.10,3150
1007,INV-2024-04-14-0007,4/14/2024,7,629,4,6,1500,1110,0.05,8550
1008,INV-2024-03-10-0008,3/10/2024,6,506,3,2,600,399,0.10,1080
1009,INV-2025-08-11-0009,8/11/2025,4,611,16,7,900,635,0.00,6300
1010,INV-2024-07-23-0010,7/23/2024,7,570,11,3,1500,1058,0.00,4500
1011,INV-2025-12-17-0011,12/17/2025,7,538,2,4,1200,808,0.10,4320
1012,INV-2025-08-29-0012,8/29/2025,7,613,17,2,2200,1263,0.15,3740
1013,INV-2025-07-30-0013,7/30/2025,8,612,14,7,1200,780,0.10,7560
1014,INV-2025-10-25-0014,10/25/2025,1,654,17,1,2200,1442,0.15,1870
1015,INV-2024-07-11-0015,7/11/2024,1,615,20,1,4500,3313,0.00,4500
1016,INV-2025-08-17-0016,8/17/2025,6,638,9,6,2500,1469,0.15,12750
1017,INV-2025-04-03-0017,4/3/2025,1,642,5,8,700,401,0.00,5600
1018,INV-2023-10-19-0018,10/19/2023,2,667,4,5,1500,1123,0.00,7500
1019,INV-2023-12-24-0019,12/24/2023,6,548,9,6,2500,1602,0.00,15000
1020,INV-2025-02-06-0020,2/6/2025,8,610,9,4,2500,1412,0.15,8500
1021,INV-2025-11-21-0021,11/21/2025,4,694,3,8,600,433,0.00,4800
1022,INV-2025-01-19-0022,1/19/2025,3,539,4,6,1500,836,0.10,8100
1023,INV-2024-08-13-0023,8/13/2024,2,557,14,3,1200,807,0.00,3600
1024,INV-2025-01-09-0024,1/9/2025,8,675,16,2,900,511,0.05,1710
1025,INV-2025-11-03-0025,11/3/2025,6,637,7,7,400,250,0.10,2520
1026,INV-2024-10-07-0026,10/7/2024,5,680,20,4,4500,3100,0.00,18000
1027,INV-2023-09-20-0027,9/20/2023,3,697,19,8,850,475,0.05,6460
1028,INV-2024-10-31-0028,10/31/2024,6,530,20,6,4500,2752,0.00,27000
1029,INV-2024-02-25-0029,2/25/2024,6,518,10,7,1800,1062,0.00,12600
1030,INV-2024-08-27-0030,8/27/2024,7,662,12,7,1200,727,0.00,8400
1031,INV-2024-01-15-0031,1/15/2024,2,630,12,7,1200,716,0.00,8400
1032,INV-2024-10-25-0032,10/25/2024,5,573,3,8,600,357,0.15,4080
1033,INV-2025-07-19-0033,7/19/2025,7,600,20,4,4500,2879,0.00,18000
1034,INV-2025-06-03-0034,6/3/2025,6,594,10,8,1800,1227,0.05,13680
1035,INV-2024-08-01-0035,8/1/2024,4,575,1,7,650,406,0.05,4322.5
1036,INV-2025-09-14-0036,9/14/2025,5,600,11,2,1500,1071,0.00,3000
1037,INV-2023-07-23-0037,7/23/2023,8,640,7,2,400,283,0.00,800
1038,INV-2025-02-10-0038,2/10/2025,6,596,1,3,650,418,0.10,1755
1039,INV-2024-09-21-0039,9/21/2024,6,544,16,1,900,670,0.00,900
1040,INV-2025-06-06-0040,6/6/2025,4,602,18,2,750,562,0.00,1500
1041,INV-2025-10-14-0041,10/14/2025,7,619,7,4,400,260,0.00,1600
1042,INV-2025-03-19-0042,3/19/2025,2,632,3,1,600,350,0.05,570
1043,INV-2025-08-28-0043,8/28/2025,2,670,14,8,1200,697,0.10,8640
1044,INV-2024-11-13-0044,11/13/2024,2,594,12,7,1200,789,0.00,8400
1045,INV-2024-07-02-0045,7/2/2024,5,699,17,2,2200,1240,0.05,4180
1046,INV-2023-06-30-0046,6/30/2023,5,534,10,6,1800,1270,0.05,10260
1047,INV-2025-03-11-0047,3/11/2025,8,652,2,4,1200,801,0.00,4800
1048,INV-2024-12-07-0048,12/7/2024,8,643,5,2,700,498,0.00,1400
1049,INV-2025-12-11-0049,12/11/2025,3,537,14,2,1200,759,0.00,2400
1050,INV-2023-11-11-0050,11/11/2023,2,559,13,3,800,487,0.00,2400
1051,INV-2023-08-14-0051,8/14/2023,8,604,10,1,1800,1130,0.05,1710
1052,INV-2024-03-15-0052,3/15/2024,5,521,18,2,750,511,0.10,1350
1053,INV-2024-12-02-0053,12/2/2024,4,585,18,3,750,498,0.00,2250
1054,INV-2025-09-13-0054,9/13/2025,5,601,9,5,2500,1485,0.00,12500
1055,INV-2025-11-21-0055,11/21/2025,7,610,12,7,1200,740,0.00,8400
1056,INV-2024-09-29-0056,9/29/2024,1,513,6,7,500,330,0.10,3150
1057,INV-2025-05-15-0057,5/15/2025,2,558,12,1,1200,735,0.15,1020
1058,INV-2025-11-30-0058,11/30/2025,8,559,1,6,650,410,0.00,3900
1059,INV-2025-01-01-0059,1/1/2025,4,502,12,6,1200,862,0.05,6840
1060,INV-2023-04-25-0060,4/25/2023,6,656,6,8,500,287,0.10,3600
1061,INV-2023-07-10-0061,7/10/2023,4,514,9,5,2500,1779,0.10,11250
1062,INV-2025-01-28-0062,1/28/2025,7,666,3,5,600,399,0.00,3000
1063,INV-2025-07-31-0063,7/31/2025,4,522,9,6,2500,1391,0.00,15000
1064,INV-2025-09-10-0064,9/10/2025,5,540,2,8,1200,672,0.00,9600
1065,INV-2023-10-11-0065,10/11/2023,6,642,1,4,650,433,0.00,2600
1066,INV-2025-01-28-0066,1/28/2025,7,689,11,2,1500,877,0.00,3000
1067,INV-2025-07-30-0067,7/30/2025,3,613,13,8,800,548,0.00,6400
1068,INV-2025-03-29-0068,3/29/2025,2,614,4,6,1500,1025,0.00,9000
1069,INV-2023-08-31-0069,8/31/2023,7,680,10,2,1800,1322,0.05,3420
1070,INV-2025-03-14-0070,3/14/2025,6,525,18,3,750,538,0.00,2250
1071,INV-2025-09-07-0071,9/7/2025,8,540,14,1,1200,875,0.10,1080
1072,INV-2025-12-05-0072,12/5/2025,8,552,16,7,900,619,0.10,5670
1073,INV-2025-09-13-0073,9/13/2025,2,631,18,3,750,528,0.10,2025
1074,INV-2024-01-30-0074,1/30/2024,6,552,6,6,500,313,0.10,2700
1075,INV-2025-08-04-0075,8/4/2025,6,616,19,3,850,549,0.10,2295
1076,INV-2025-05-16-0076,5/16/2025,8,584,8,5,300,186,0.10,1350
1077,INV-2023-08-27-0077,8/27/2023,5,648,3,5,600,375,0.05,2850
1078,INV-2025-10-24-0078,10/24/2025,2,611,18,3,750,559,0.15,1912.5
1079,INV-2025-10-01-0079,10/1/2025,2,600,8,3,300,210,0.00,900
1080,INV-2024-09-19-0080,9/19/2024,3,674,2,6,1200,796,0.15,6120
1081,INV-2025-11-03-0081,11/3/2025,3,586,15,6,3500,2489,0.00,21000
1082,INV-2023-11-16-0082,11/16/2023,4,564,7,6,400,230,0.05,2280
1083,INV-2023-12-11-0083,12/11/2023,6,650,11,6,1500,858,0.05,8550
1084,INV-2024-06-26-0084,6/26/2024,2,656,8,6,300,166,0.05,1710
1085,INV-2024-03-29-0085,3/29/2024,5,671,9,3,2500,1506,0.00,7500
1086,INV-2024-06-11-0086,6/11/2024,5,570,9,3,2500,1812,0.00,7500
1087,INV-2023-09-26-0087,9/26/2023,2,640,18,3,750,493,0.05,2137.5
1088,INV-2023-05-19-0088,5/19/2023,7,579,12,4,1200,775,0.10,4320
1089,INV-2025-06-03-0089,6/3/2025,4,589,17,5,2200,1459,0.10,9900
1090,INV-2024-09-27-0090,9/27/2024,2,560,19,2,850,519,0.00,1700
1091,INV-2024-10-30-0091,10/30/2024,4,527,12,5,1200,745,0.00,6000
1092,INV-2024-07-09-0092,7/9/2024,3,516,1,7,650,432,0.00,4550
1093,INV-2025-05-20-0093,5/20/2025,3,612,3,6,600,404,0.05,3420
1094,INV-2023-11-17-0094,11/17/2023,7,681,5,8,700,412,0.15,4760
1095,INV-2023-08-10-0095,8/10/2023,3,508,10,5,1800,1111,0.05,8550
1096,INV-2023-11-13-0096,11/13/2023,7,539,1,8,650,461,0.10,4680
1097,INV-2023-08-31-0097,8/31/2023,3,544,2,2,1200,687,0.05,2280
1098,INV-2025-04-28-0098,4/28/2025,1,507,5,3,700,481,0.00,2100
1099,INV-2025-07-22-0099,7/22/2025,2,501,7,7,400,287,0.10,2520
1100,INV-2024-12-04-0100,12/4/2024,4,590,12,7,1200,664,0.05,7980
1101,INV-2025-02-14-0101,2/14/2025,6,568,17,6,2200,1439,0.10,11880
1102,INV-2025-10-01-0102,10/1/2025,4,617,14,3,1200,708,0.05,3420
1103,INV-2025-08-31-0103,8/31/2025,8,565,8,6,300,176,0.05,1710
1104,INV-2025-12-06-0104,12/6/2025,5,653,19,1,850,499,0.05,807.5
1105,INV-2025-04-26-0105,4/26/2025,6,517,7,1,400,283,0.00,400
1106,INV-2025-10-28-0106,10/28/2025,4,521,15,4,3500,1956,0.00,14000
1107,INV-2025-11-17-0107,11/17/2025,6,595,3,2,600,449,0.10,1080
1108,INV-2025-05-11-0108,5/11/2025,4,535,11,4,1500,939,0.05,5700
1109,INV-2023-07-07-0109,7/7/2023,8,644,1,1,650,422,0.10,585
1110,INV-2025-06-28-0110,6/28/2025,3,517,5,2,700,414,0.15,1190
1111,INV-2024-05-15-0111,5/15/2024,6,558,5,3,700,405,0.10,1890
1112,INV-2024-04-15-0112,4/15/2024,4,511,5,4,700,509,0.15,2380
1113,INV-2025-09-02-0113,9/2/2025,2,595,9,3,2500,1844,0.00,7500
1114,INV-2025-11-26-0114,11/26/2025,6,548,2,2,1200,734,0.00,2400
1115,INV-2023-09-09-0115,9/9/2023,5,650,17,8,2200,1545,0.05,16720
1116,INV-2023-12-21-0116,12/21/2023,4,524,1,2,650,477,0.00,1300
1117,INV-2024-11-04-0117,11/4/2024,2,542,10,8,1800,1275,0.15,12240
1118,INV-2025-10-13-0118,10/13/2025,8,590,2,4,1200,695,0.15,4080
1119,INV-2023-02-20-0119,2/20/2023,8,674,19,7,850,560,0.05,5652.5
1120,INV-2024-01-17-0120,1/17/2024,3,542,13,4,800,594,0.00,3200
1121,INV-2025-05-18-0121,5/18/2025,8,557,20,2,4500,2894,0.00,9000
1122,INV-2025-03-17-0122,3/17/2025,3,588,10,1,1800,1111,0.10,1620
1123,INV-2025-06-29-0123,6/29/2025,5,677,20,6,4500,2625,0.00,27000
1124,INV-2025-06-11-0124,6/11/2025,7,649,14,8,1200,722,0.15,8160
1125,INV-2025-08-01-0125,8/1/2025,3,560,15,5,3500,2461,0.10,15750
1126,INV-2025-02-18-0126,2/18/2025,7,561,6,6,500,303,0.00,3000
1127,INV-2023-01-07-0127,1/7/2023,6,663,16,2,900,585,0.10,1620
1128,INV-2023-07-04-0128,7/4/2023,8,676,13,5,800,520,0.15,3400
1129,INV-2024-10-10-0129,10/10/2024,6,515,16,8,900,506,0.00,7200
1130,INV-2024-07-27-0130,7/27/2024,8,507,2,2,1200,727,0.00,2400
1131,INV-2025-03-19-0131,3/19/2025,7,561,2,5,1200,707,0.00,6000
1132,INV-2025-07-17-0132,7/17/2025,1,610,3,8,600,433,0.00,4800
1133,INV-2025-06-08-0133,6/8/2025,6,575,7,4,400,275,0.15,1360
1134,INV-2023-09-20-0134,9/20/2023,4,577,9,5,2500,1776,0.00,12500
1135,INV-2025-09-21-0135,9/21/2025,8,531,10,4,1800,1006,0.00,7200
1136,INV-2024-12-03-0136,12/3/2024,8,632,20,7,4500,3314,0.00,31500
1137,INV-2023-11-13-0137,11/13/2023,2,671,9,5,2500,1811,0.05,11875
1138,INV-2023-11-22-0138,11/22/2023,5,566,20,3,4500,3149,0.00,13500
1139,INV-2025-11-11-0139,11/11/2025,7,612,13,1,800,531,0.15,680
1140,INV-2025-11-06-0140,11/6/2025,4,664,13,6,800,446,0.00,4800
1141,INV-2024-04-13-0141,4/13/2024,4,628,20,2,4500,3100,0.10,8100
1142,INV-2025-08-20-0142,8/20/2025,5,581,6,1,500,340,0.00,500
1143,INV-2024-06-21-0143,6/21/2024,1,585,1,5,650,427,0.05,3087.5
1144,INV-2024-02-09-0144,2/9/2024,6,619,4,5,1500,890,0.15,6375
1145,INV-2024-12-11-0145,12/11/2024,2,517,18,1,750,483,0.05,712.5
1146,INV-2024-07-23-0146,7/23/2024,6,574,8,7,300,185,0.00,2100
1147,INV-2025-05-26-0147,5/26/2025,6,587,10,7,1800,1068,0.05,11970
1148,INV-2024-11-03-0148,11/3/2024,2,622,14,7,1200,774,0.10,7560
1149,INV-2025-10-21-0149,10/21/2025,5,696,19,7,850,637,0.00,5950
1150,INV-2025-02-08-0150,2/8/2025,1,549,20,3,4500,2640,0.05,12825
1151,INV-2024-10-15-0151,10/15/2024,5,685,2,1,1200,770,0.10,1080
1152,INV-2025-12-31-0152,12/31/2025,8,528,7,5,400,291,0.00,2000
1153,INV-2023-05-26-0153,5/26/2023,1,641,9,8,2500,1722,0.15,17000
1154,INV-2025-01-19-0154,1/19/2025,8,533,19,4,850,536,0.05,3230
1155,INV-2025-09-19-0155,9/19/2025,7,675,2,2,1200,831,0.00,2400
1156,INV-2025-01-08-0156,1/8/2025,8,563,13,1,800,501,0.10,720
1157,INV-2025-08-17-0157,8/17/2025,2,687,7,4,400,288,0.15,1360
1158,INV-2025-12-01-0158,12/1/2025,6,651,4,6,1500,916,0.05,8550
1159,INV-2025-11-08-0159,11/8/2025,7,685,13,4,800,481,0.00,3200
1160,INV-2024-07-02-0160,7/2/2024,8,682,7,6,400,273,0.05,2280
1161,INV-2025-06-10-0161,6/10/2025,6,616,7,1,400,253,0.05,380
1162,INV-2025-07-05-0162,7/5/2025,2,660,15,8,3500,2363,0.15,23800
1163,INV-2025-02-09-0163,2/9/2025,7,669,3,4,600,366,0.15,2040
1164,INV-2024-12-10-0164,12/10/2024,5,612,8,2,300,197,0.10,540
1165,INV-2025-11-30-0165,11/30/2025,7,645,1,7,650,402,0.10,4095
1166,INV-2023-07-04-0166,7/4/2023,7,567,8,7,300,183,0.05,1995
1167,INV-2025-09-25-0167,9/25/2025,1,692,16,1,900,643,0.10,810
1168,INV-2024-11-26-0168,11/26/2024,6,518,19,8,850,510,0.10,6120
1169,INV-2023-11-18-0169,11/18/2023,1,640,5,6,700,498,0.00,4200
1170,INV-2024-12-03-0170,12/3/2024,8,571,11,3,1500,1102,0.15,3825
1171,INV-2025-09-25-0171,9/25/2025,5,670,14,3,1200,684,0.00,3600
1172,INV-2025-06-07-0172,6/7/2025,8,618,19,1,850,630,0.10,765
1173,INV-2025-01-07-0173,1/7/2025,2,611,1,5,650,428,0.00,3250
1174,INV-2025-03-09-0174,3/9/2025,4,677,13,5,800,463,0.00,4000
1175,INV-2024-09-20-0175,9/20/2024,7,639,13,3,800,566,0.05,2280
1176,INV-2024-01-15-0176,1/15/2024,1,553,4,2,1500,1016,0.00,3000
1177,INV-2024-12-23-0177,12/23/2024,5,690,1,8,650,365,0.00,5200
1178,INV-2025-09-18-0178,9/18/2025,5,671,11,4,1500,1012,0.10,5400
1179,INV-2024-10-20-0179,10/20/2024,6,680,7,8,400,276,0.00,3200
1180,INV-2025-12-10-0180,12/10/2025,5,614,20,6,4500,2676,0.05,25650
1181,INV-2025-06-21-0181,6/21/2025,6,655,5,6,700,495,0.10,3780
1182,INV-2025-07-23-0182,7/23/2025,3,545,16,6,900,604,0.10,4860
1183,INV-2025-09-14-0183,9/14/2025,6,556,8,8,300,187,0.05,2280
1184,INV-2025-11-21-0184,11/21/2025,1,627,3,1,600,341,0.00,600
1185,INV-2025-01-08-0185,1/8/2025,8,652,20,7,4500,2531,0.00,31500
1186,INV-2025-05-10-0186,5/10/2025,3,607,18,5,750,419,0.00,3750
1187,INV-2025-03-04-0187,3/4/2025,1,679,15,5,3500,2080,0.00,17500
1188,INV-2024-05-29-0188,5/29/2024,6,592,1,4,650,478,0.05,2470
1189,INV-2023-01-31-0189,1/31/2023,1,567,12,5,1200,760,0.00,6000
1190,INV-2024-07-21-0190,7/21/2024,2,569,6,2,500,322,0.05,950
1191,INV-2025-01-23-0191,1/23/2025,8,580,17,4,2200,1392,0.10,7920
1192,INV-2025-03-19-0192,3/19/2025,5,593,15,8,3500,2295,0.05,26600
1193,INV-2024-07-13-0193,7/13/2024,5,573,10,7,1800,1001,0.00,12600
1194,INV-2024-08-05-0194,8/5/2024,5,659,17,4,2200,1372,0.15,7480
1195,INV-2025-01-30-0195,1/30/2025,8,678,3,7,600,390,0.05,3990
1196,INV-2025-07-19-0196,7/19/2025,4,649,3,2,600,360,0.10,1080
1197,INV-2025-05-23-0197,5/23/2025,5,640,2,5,1200,784,0.00,6000
1198,INV-2024-05-23-0198,5/23/2024,1,637,5,7,700,485,0.00,4900
1199,INV-2025-04-22-0199,4/22/2025,7,615,19,1,850,567,0.00,850
1200,INV-2025-08-08-0200,8/8/2025,4,518,16,4,900,663,0.10,3240
1201,INV-2025-04-18-0201,4/18/2025,1,648,1,4,650,451,0.05,2470
1202,INV-2024-09-14-0202,9/14/2024,4,655,10,6,1800,1054,0.00,10800
1203,INV-2025-06-02-0203,6/2/2025,5,664,7,4,400,281,0.00,1600
1204,INV-2023-06-23-0204,6/23/2023,3,589,7,1,400,279,0.15,340
1205,INV-2024-12-06-0205,12/6/2024,5,666,6,6,500,339,0.00,3000
1206,INV-2023-08-16-0206,8/16/2023,5,676,13,5,800,502,0.00,4000
1207,INV-2025-09-08-0207,9/8/2025,1,607,8,5,300,181,0.05,1425
1208,INV-2025-04-19-0208,4/19/2025,2,673,9,3,2500,1723,0.10,6750
1209,INV-2024-11-19-0209,11/19/2024,7,575,11,8,1500,827,0.10,10800
1210,INV-2025-02-26-0210,2/26/2025,7,626,4,5,1500,840,0.00,7500
1211,INV-2025-07-04-0211,7/4/2025,6,593,18,6,750,471,0.00,4500
1212,INV-2025-11-05-0212,11/5/2025,1,553,16,4,900,576,0.15,3060
1213,INV-2023-08-27-0213,8/27/2023,2,686,18,1,750,432,0.10,675
1214,INV-2025-01-03-0214,1/3/2025,7,620,20,7,4500,3146,0.10,28350
1215,INV-2023-04-16-0215,4/16/2023,6,685,3,3,600,363,0.00,1800
1216,INV-2024-06-17-0216,6/17/2024,7,508,5,2,700,485,0.00,1400
1217,INV-2025-03-29-0217,3/29/2025,2,588,8,5,300,176,0.15,1275
1218,INV-2025-06-13-0218,6/13/2025,4,529,3,3,600,338,0.10,1620
1219,INV-2025-07-05-0219,7/5/2025,7,605,19,2,850,533,0.15,1445
1220,INV-2023-04-19-0220,4/19/2023,1,579,7,6,400,295,0.10,2160
1221,INV-2025-11-09-0221,11/9/2025,7,651,10,5,1800,1328,0.00,9000
1222,INV-2024-12-28-0222,12/28/2024,6,542,4,1,1500,904,0.05,1425
1223,INV-2025-03-27-0223,3/27/2025,2,575,6,7,500,362,0.10,3150
1224,INV-2024-05-30-0224,5/30/2024,2,696,18,2,750,524,0.10,1350
1225,INV-2025-09-23-0225,9/23/2025,5,652,8,8,300,204,0.00,2400
1226,INV-2025-04-06-0226,4/6/2025,8,567,19,2,850,490,0.00,1700
1227,INV-2025-07-11-0227,7/11/2025,5,612,7,6,400,296,0.10,2160
1228,INV-2024-02-02-0228,2/2/2024,8,550,1,5,650,382,0.05,3087.5
1229,INV-2024-05-29-0229,5/29/2024,4,639,13,6,800,557,0.00,4800
1230,INV-2025-12-31-0230,12/31/2025,1,501,11,5,1500,966,0.00,7500
1231,INV-2025-07-01-0231,7/1/2025,4,517,16,3,900,625,0.15,2295
1232,INV-2025-10-09-0232,10/9/2025,5,673,11,7,1500,897,0.15,8925
1233,INV-2023-11-08-0233,11/8/2023,4,638,5,3,700,481,0.10,1890
1234,INV-2024-08-20-0234,8/20/2024,4,606,19,6,850,632,0.00,5100
1235,INV-2025-06-24-0235,6/24/2025,1,595,5,8,700,480,0.05,5320
1236,INV-2024-03-20-0236,3/20/2024,8,676,12,2,1200,674,0.00,2400
1237,INV-2025-01-19-0237,1/19/2025,2,622,1,3,650,468,0.00,1950
1238,INV-2025-01-19-0238,1/19/2025,3,637,3,6,600,440,0.10,3240
1239,INV-2025-02-09-0239,2/9/2025,7,672,18,4,750,542,0.10,2700
1240,INV-2025-03-30-0240,3/30/2025,5,574,14,8,1200,711,0.15,8160
1241,INV-2025-12-04-0241,12/4/2025,5,622,16,3,900,587,0.00,2700
1242,INV-2023-09-27-0242,9/27/2023,6,638,20,6,4500,3089,0.05,25650
1243,INV-2025-07-22-0243,7/22/2025,7,519,9,7,2500,1855,0.15,14875
1244,INV-2025-09-09-0244,9/9/2025,6,602,3,2,600,336,0.10,1080
1245,INV-2024-04-19-0245,4/19/2024,3,637,15,3,3500,2323,0.00,10500
1246,INV-2024-12-03-0246,12/3/2024,3,655,15,5,3500,2143,0.10,15750
1247,INV-2025-12-16-0247,12/16/2025,1,555,1,3,650,420,0.00,1950
1248,INV-2024-04-19-0248,4/19/2024,2,542,3,3,600,356,0.15,1530
1249,INV-2023-04-15-0249,4/15/2023,5,547,2,6,1200,829,0.10,6480
1250,INV-2024-10-22-0250,10/22/2024,2,700,18,1,750,559,0.10,675
1251,INV-2024-11-08-0251,11/8/2024,4,621,2,3,1200,773,0.05,3420
1252,INV-2025-06-01-0252,6/1/2025,4,579,3,7,600,441,0.15,3570
1253,INV-2023-10-27-0253,10/27/2023,6,659,2,7,1200,877,0.00,8400
1254,INV-2024-05-12-0254,5/12/2024,3,630,18,5,750,450,0.10,3375
1255,INV-2025-02-02-0255,2/2/2025,5,544,8,6,300,205,0.05,1710
1256,INV-2024-02-15-0256,2/15/2024,2,619,17,2,2200,1312,0.05,4180
1257,INV-2025-04-25-0257,4/25/2025,8,608,12,4,1200,749,0.00,4800
1258,INV-2025-03-06-0258,3/6/2025,4,558,5,2,700,483,0.10,1260
1259,INV-2025-08-19-0259,8/19/2025,6,605,14,6,1200,690,0.05,6840
1260,INV-2025-12-06-0260,12/6/2025,6,591,18,5,750,532,0.00,3750
1261,INV-2025-01-30-0261,1/30/2025,1,574,9,7,2500,1533,0.00,17500
1262,INV-2025-08-23-0262,8/23/2025,7,545,4,3,1500,1119,0.00,4500
1263,INV-2024-10-15-0263,10/15/2024,8,637,8,2,300,218,0.10,540
1264,INV-2025-08-27-0264,8/27/2025,4,680,10,7,1800,1280,0.05,11970
1265,INV-2025-09-09-0265,9/9/2025,1,687,7,6,400,260,0.00,2400
1266,INV-2024-08-12-0266,8/12/2024,2,531,3,1,600,359,0.15,510
1267,INV-2025-10-11-0267,10/11/2025,6,654,11,1,1500,980,0.15,1275
1268,INV-2025-08-22-0268,8/22/2025,3,591,12,2,1200,690,0.00,2400
1269,INV-2025-09-03-0269,9/3/2025,2,546,17,2,2200,1289,0.00,4400
1270,INV-2024-10-11-0270,10/11/2024,5,577,10,2,1800,1263,0.00,3600
1271,INV-2024-11-30-0271,11/30/2024,6,622,4,3,1500,981,0.10,4050
1272,INV-2025-06-30-0272,6/30/2025,2,632,5,1,700,506,0.05,665
1273,INV-2025-05-04-0273,5/4/2025,3,530,15,3,3500,2320,0.05,9975
1274,INV-2025-08-30-0274,8/30/2025,6,661,4,6,1500,1066,0.00,9000
1275,INV-2025-07-20-0275,7/20/2025,7,627,3,4,600,338,0.05,2280
1276,INV-2025-11-25-0276,11/25/2025,3,666,14,6,1200,785,0.05,6840
1277,INV-2025-11-06-0277,11/6/2025,1,610,9,1,2500,1713,0.00,2500
1278,INV-2023-10-09-0278,10/9/2023,4,641,19,8,850,468,0.05,6460
1279,INV-2025-02-16-0279,2/16/2025,3,667,16,8,900,527,0.15,6120
1280,INV-2024-03-03-0280,3/3/2024,2,650,12,3,1200,763,0.00,3600
1281,INV-2025-08-28-0281,8/28/2025,3,502,12,2,1200,718,0.10,2160
1282,INV-2025-12-28-0282,12/28/2025,8,612,1,8,650,459,0.15,4420
1283,INV-2025-08-12-0283,8/12/2025,6,630,19,3,850,494,0.10,2295
1284,INV-2025-06-02-0284,6/2/2025,1,645,18,2,750,547,0.05,1425
1285,INV-2023-03-19-0285,3/19/2023,2,590,11,4,1500,936,0.05,5700
1286,INV-2025-05-13-0286,5/13/2025,7,536,11,3,1500,880,0.10,4050
1287,INV-2025-06-05-0287,6/5/2025,4,504,6,2,500,295,0.10,900
1288,INV-2025-08-24-0288,8/24/2025,2,581,10,1,1800,1153,0.10,1620
1289,INV-2025-08-10-0289,8/10/2025,2,523,9,2,2500,1835,0.10,4500
1290,INV-2025-01-11-0290,1/11/2025,3,636,11,4,1500,1104,0.05,5700
1291,INV-2025-02-17-0291,2/17/2025,5,532,15,2,3500,2512,0.10,6300
1292,INV-2023-07-14-0292,7/14/2023,7,553,17,1,2200,1232,0.05,2090
1293,INV-2025-09-21-0293,9/21/2025,7,575,3,7,600,339,0.05,3990
1294,INV-2024-11-28-0294,11/28/2024,8,604,8,8,300,169,0.00,2400
1295,INV-2025-05-21-0295,5/21/2025,5,579,18,5,750,472,0.05,3562.5
1296,INV-2025-06-03-0296,6/3/2025,8,595,2,6,1200,800,0.10,6480
1297,INV-2024-07-01-0297,7/1/2024,1,524,1,5,650,456,0.00,3250
1298,INV-2024-10-10-0298,10/10/2024,1,530,16,1,900,627,0.00,900
1299,INV-2023-10-27-0299,10/27/2023,8,593,18,3,750,416,0.00,2250
1300,INV-2025-11-19-0300,11/19/2025,8,603,4,6,1500,941,0.05,8550
1301,INV-2025-03-26-0301,3/26/2025,3,629,10,8,1800,1335,0.00,14400
1302,INV-2025-11-14-0302,11/14/2025,1,693,20,8,4500,2594,0.00,36000
1303,INV-2024-11-10-0303,11/10/2024,5,649,5,8,700,401,0.05,5320
1304,INV-2024-12-15-0304,12/15/2024,6,611,8,7,300,218,0.05,1995
1305,INV-2025-04-18-0305,4/18/2025,8,521,2,2,1200,668,0.15,2040
1306,INV-2024-11-23-0306,11/23/2024,3,564,4,7,1500,1105,0.00,10500
1307,INV-2024-01-31-0307,1/31/2024,5,615,18,2,750,440,0.10,1350
1308,INV-2025-07-26-0308,7/26/2025,8,606,17,7,2200,1269,0.05,14630
1309,INV-2025-12-21-0309,12/21/2025,4,505,8,4,300,193,0.15,1020
1310,INV-2024-12-16-0310,12/16/2024,5,656,10,1,1800,1037,0.05,1710
1311,INV-2025-03-11-0311,3/11/2025,4,688,4,4,1500,861,0.00,6000
1312,INV-2025-10-28-0312,10/28/2025,2,568,15,5,3500,2605,0.15,14875
1313,INV-2025-12-14-0313,12/14/2025,6,533,17,5,2200,1631,0.10,9900
1314,INV-2025-08-10-0314,8/10/2025,3,690,5,5,700,521,0.05,3325
1315,INV-2025-08-03-0315,8/3/2025,2,545,2,7,1200,864,0.10,7560
1316,INV-2025-08-20-0316,8/20/2025,2,646,2,1,1200,754,0.15,1020
1317,INV-2025-07-04-0317,7/4/2025,4,513,11,7,1500,935,0.00,10500
1318,INV-2025-07-20-0318,7/20/2025,7,695,15,4,3500,2030,0.15,11900
1319,INV-2025-08-07-0319,8/7/2025,2,675,6,1,500,374,0.05,475
1320,INV-2023-10-08-0320,10/8/2023,4,559,14,3,1200,822,0.00,3600
1321,INV-2024-01-01-0321,1/1/2024,5,672,20,3,4500,2794,0.10,12150
1322,INV-2025-04-05-0322,4/5/2025,6,664,2,1,1200,820,0.15,1020
1323,INV-2025-08-03-0323,8/3/2025,8,519,1,3,650,470,0.10,1755
1324,INV-2024-12-02-0324,12/2/2024,1,594,11,8,1500,1121,0.05,11400
1325,INV-2025-11-26-0325,11/26/2025,4,509,15,7,3500,2421,0.10,22050
1326,INV-2023-05-21-0326,5/21/2023,7,590,11,5,1500,844,0.00,7500
1327,INV-2024-05-19-0327,5/19/2024,7,648,4,2,1500,1004,0.10,2700
1328,INV-2023-04-07-0328,4/7/2023,6,592,20,4,4500,2994,0.05,17100
1329,INV-2024-05-21-0329,5/21/2024,1,558,17,5,2200,1393,0.05,10450
1330,INV-2025-09-15-0330,9/15/2025,5,587,18,6,750,422,0.10,4050
1331,INV-2024-11-04-0331,11/4/2024,5,573,13,1,800,495,0.05,760
1332,INV-2025-04-05-0332,4/5/2025,3,692,19,2,850,574,0.15,1445
1333,INV-2025-02-26-0333,2/26/2025,6,535,17,5,2200,1236,0.15,9350
1334,INV-2025-04-22-0334,4/22/2025,1,599,9,2,2500,1484,0.05,4750
1335,INV-2025-08-16-0335,8/16/2025,7,617,11,4,1500,1092,0.05,5700
1336,INV-2023-07-06-0336,7/6/2023,2,592,16,2,900,587,0.00,1800
1337,INV-2025-06-27-0337,6/27/2025,1,558,5,1,700,503,0.15,595
1338,INV-2025-02-13-0338,2/13/2025,1,615,15,5,3500,1952,0.00,17500
1339,INV-2025-08-23-0339,8/23/2025,2,620,11,3,1500,1035,0.10,4050
1340,INV-2023-09-16-0340,9/16/2023,7,685,17,5,2200,1590,0.05,10450
1341,INV-2023-07-11-0341,7/11/2023,7,590,12,4,1200,706,0.00,4800
1342,INV-2023-07-06-0342,7/6/2023,8,526,2,8,1200,699,0.00,9600
1343,INV-2025-04-22-0343,4/22/2025,6,681,20,7,4500,3335,0.05,29925
1344,INV-2025-01-06-0344,1/6/2025,2,570,8,1,300,174,0.00,300
1345,INV-2024-10-03-0345,10/3/2024,7,541,14,6,1200,792,0.10,6480
1346,INV-2024-02-18-0346,2/18/2024,7,579,4,8,1500,834,0.00,12000
1347,INV-2025-12-05-0347,12/5/2025,3,563,8,6,300,206,0.05,1710
1348,INV-2025-05-11-0348,5/11/2025,3,563,17,8,2200,1613,0.05,16720
1349,INV-2025-01-19-0349,1/19/2025,1,639,12,4,1200,676,0.05,4560
1350,INV-2023-06-01-0350,6/1/2023,1,675,12,2,1200,868,0.00,2400
1351,INV-2025-06-21-0351,6/21/2025,4,553,20,4,4500,2562,0.05,17100
1352,INV-2024-11-15-0352,11/15/2024,8,515,4,5,1500,957,0.00,7500
1353,INV-2025-10-02-0353,10/2/2025,7,563,9,1,2500,1647,0.10,2250
1354,INV-2024-05-08-0354,5/8/2024,8,638,5,8,700,416,0.05,5320
1355,INV-2025-03-13-0355,3/13/2025,5,532,8,2,300,196,0.10,540
1356,INV-2025-12-11-0356,12/11/2025,1,607,17,2,2200,1233,0.15,3740
1357,INV-2025-03-09-0357,3/9/2025,4,685,6,2,500,348,0.05,950
1358,INV-2024-05-11-0358,5/11/2024,3,502,16,2,900,557,0.15,1530
1359,INV-2025-06-03-0359,6/3/2025,1,607,5,5,700,404,0.05,3325
1360,INV-2025-09-24-0360,9/24/2025,3,665,19,5,850,544,0.10,3825
1361,INV-2024-12-20-0361,12/20/2024,1,626,6,8,500,364,0.00,4000
1362,INV-2024-08-15-0362,8/15/2024,6,627,12,4,1200,674,0.15,4080
1363,INV-2025-05-06-0363,5/6/2025,3,622,10,5,1800,1145,0.05,8550
1364,INV-2025-06-21-0364,6/21/2025,5,694,10,2,1800,1346,0.00,3600
1365,INV-2025-08-02-0365,8/2/2025,2,643,12,8,1200,898,0.10,8640
1366,INV-2024-03-02-0366,3/2/2024,2,623,13,8,800,521,0.00,6400
1367,INV-2025-06-11-0367,6/11/2025,7,532,5,8,700,486,0.00,5600
1368,INV-2024-11-11-0368,11/11/2024,2,531,14,2,1200,693,0.00,2400
1369,INV-2024-10-02-0369,10/2/2024,8,657,18,3,750,536,0.00,2250
1370,INV-2024-04-05-0370,4/5/2024,6,506,14,2,1200,863,0.00,2400
1371,INV-2024-03-21-0371,3/21/2024,5,652,6,1,500,297,0.10,450
1372,INV-2025-08-03-0372,8/3/2025,8,605,7,4,400,221,0.00,1600
1373,INV-2024-11-12-0373,11/12/2024,3,524,1,6,650,432,0.05,3705
1374,INV-2025-08-05-0374,8/5/2025,4,548,17,5,2200,1530,0.05,10450
1375,INV-2025-05-02-0375,5/2/2025,5,568,7,6,400,233,0.00,2400
1376,INV-2025-08-08-0376,8/8/2025,1,566,10,2,1800,1268,0.05,3420
1377,INV-2024-08-14-0377,8/14/2024,2,562,7,3,400,292,0.15,1020
1378,INV-2024-11-22-0378,11/22/2024,6,570,1,3,650,436,0.05,1852.5
1379,INV-2023-12-29-0379,12/29/2023,6,660,4,7,1500,1006,0.05,9975
1380,INV-2025-03-14-0380,3/14/2025,3,564,8,1,300,180,0.00,300
1381,INV-2024-11-01-0381,11/1/2024,5,612,17,1,2200,1508,0.05,2090
1382,INV-2024-11-23-0382,11/23/2024,8,575,10,2,1800,1331,0.05,3420
1383,INV-2025-04-24-0383,4/24/2025,7,506,17,8,2200,1417,0.00,17600
1384,INV-2024-04-11-0384,4/11/2024,5,678,7,1,400,235,0.00,400
1385,INV-2025-08-17-0385,8/17/2025,3,546,19,8,850,548,0.00,6800
1386,INV-2025-11-03-0386,11/3/2025,8,576,17,4,2200,1332,0.00,8800
1387,INV-2024-09-05-0387,9/5/2024,5,650,18,4,750,456,0.10,2700
1388,INV-2025-06-04-0388,6/4/2025,8,696,18,3,750,466,0.00,2250
1389,INV-2025-01-30-0389,1/30/2025,6,630,20,3,4500,2821,0.00,13500
1390,INV-2023-06-27-0390,6/27/2023,6,531,19,4,850,601,0.10,3060
1391,INV-2025-05-23-0391,5/23/2025,6,690,18,5,750,426,0.00,3750
1392,INV-2025-11-24-0392,11/24/2025,8,610,6,7,500,326,0.10,3150
1393,INV-2023-12-05-0393,12/5/2023,1,577,5,3,700,499,0.00,2100
1394,INV-2025-01-04-0394,1/4/2025,4,544,10,2,1800,1224,0.15,3060
1395,INV-2024-02-14-0395,2/14/2024,8,502,3,8,600,447,0.10,4320
1396,INV-2025-09-19-0396,9/19/2025,5,595,4,8,1500,1070,0.00,12000
1397,INV-2025-10-03-0397,10/3/2025,7,645,11,4,1500,1111,0.05,5700
1398,INV-2025-12-15-0398,12/15/2025,1,588,8,8,300,186,0.15,2040
1399,INV-2024-08-12-0399,8/12/2024,4,541,7,8,400,238,0.10,2880
1400,INV-2025-08-17-0400,8/17/2025,8,654,20,8,4500,3047,0.00,36000
1401,INV-2025-04-25-0401,4/25/2025,6,561,12,5,1200,764,0.10,5400
1402,INV-2024-06-08-0402,6/8/2024,5,628,13,8,800,503,0.10,5760
1403,INV-2023-12-06-0403,12/6/2023,7,648,18,4,750,555,0.05,2850
1404,INV-2024-09-27-0404,9/27/2024,2,524,1,1,650,471,0.05,617.5
1405,INV-2024-02-04-0405,2/4/2024,8,508,4,8,1500,831,0.00,12000
1406,INV-2025-04-26-0406,4/26/2025,1,584,13,6,800,516,0.05,4560
1407,INV-2024-05-01-0407,5/1/2024,1,652,20,4,4500,2903,0.10,16200
1408,INV-2023-08-14-0408,8/14/2023,7,623,14,8,1200,714,0.00,9600
1409,INV-2025-08-13-0409,8/13/2025,8,626,9,4,2500,1669,0.00,10000
1410,INV-2024-03-10-0410,3/10/2024,1,658,6,6,500,326,0.00,3000
1411,INV-2023-01-23-0411,1/23/2023,5,559,2,6,1200,718,0.15,6120
1412,INV-2024-06-21-0412,6/21/2024,3,617,9,2,2500,1747,0.00,5000
1413,INV-2025-06-10-0413,6/10/2025,2,509,2,1,1200,707,0.05,1140
1414,INV-2025-07-03-0414,7/3/2025,6,697,5,8,700,480,0.05,5320
1415,INV-2025-11-08-0415,11/8/2025,4,614,14,4,1200,665,0.00,4800
1416,INV-2024-02-03-0416,2/3/2024,4,533,6,5,500,303,0.10,2250
1417,INV-2025-12-22-0417,12/22/2025,8,611,9,1,2500,1621,0.10,2250
1418,INV-2025-03-25-0418,3/25/2025,7,568,11,7,1500,920,0.10,9450
1419,INV-2025-02-17-0419,2/17/2025,6,601,1,8,650,397,0.00,5200
1420,INV-2025-10-09-0420,10/9/2025,5,618,13,1,800,480,0.10,720
1421,INV-2025-05-20-0421,5/20/2025,6,683,18,2,750,486,0.05,1425
1422,INV-2025-08-14-0422,8/14/2025,7,694,20,8,4500,2546,0.10,32400
1423,INV-2025-11-22-0423,11/22/2025,2,540,13,4,800,575,0.00,3200
1424,INV-2024-09-14-0424,9/14/2024,6,535,1,8,650,444,0.00,5200
1425,INV-2025-08-17-0425,8/17/2025,2,641,15,4,3500,1939,0.05,13300
1426,INV-2025-05-28-0426,5/28/2025,1,620,19,3,850,557,0.00,2550
1427,INV-2023-09-01-0427,9/1/2023,4,558,10,8,1800,1156,0.15,12240
1428,INV-2025-06-01-0428,6/1/2025,6,606,7,2,400,286,0.05,760
1429,INV-2023-07-29-0429,7/29/2023,2,650,10,4,1800,1219,0.00,7200
1430,INV-2025-06-12-0430,6/12/2025,6,641,14,4,1200,701,0.00,4800
1431,INV-2025-07-18-0431,7/18/2025,8,536,11,8,1500,845,0.00,12000
1432,INV-2025-04-13-0432,4/13/2025,8,697,15,5,3500,2145,0.05,16625
1433,INV-2025-07-03-0433,7/3/2025,7,607,12,5,1200,663,0.05,5700
1434,INV-2025-09-02-0434,9/2/2025,3,668,3,2,600,425,0.05,1140
1435,INV-2023-11-14-0435,11/14/2023,2,505,10,6,1800,1328,0.00,10800
1436,INV-2023-12-16-0436,12/16/2023,7,630,8,8,300,185,0.05,2280
1437,INV-2023-10-16-0437,10/16/2023,8,670,9,1,2500,1867,0.10,2250
1438,INV-2025-02-16-0438,2/16/2025,2,623,19,3,850,556,0.00,2550
1439,INV-2025-09-11-0439,9/11/2025,8,654,2,6,1200,772,0.05,6840
1440,INV-2025-11-26-0440,11/26/2025,3,696,20,5,4500,2705,0.15,19125
1441,INV-2025-09-27-0441,9/27/2025,1,562,12,7,1200,696,0.05,7980
1442,INV-2024-12-05-0442,12/5/2024,7,549,1,8,650,453,0.10,4680
1443,INV-2025-09-30-0443,9/30/2025,6,536,11,5,1500,1029,0.10,6750
1444,INV-2024-05-14-0444,5/14/2024,4,691,14,7,1200,703,0.00,8400
1445,INV-2025-09-14-0445,9/14/2025,7,540,12,7,1200,719,0.05,7980
1446,INV-2024-06-24-0446,6/24/2024,3,593,6,7,500,341,0.05,3325
1447,INV-2025-08-25-0447,8/25/2025,3,591,14,4,1200,871,0.15,4080
1448,INV-2025-06-10-0448,6/10/2025,8,570,14,3,1200,802,0.00,3600
1449,INV-2025-02-24-0449,2/24/2025,6,508,13,6,800,441,0.15,4080
1450,INV-2025-10-22-0450,10/22/2025,7,520,1,8,650,452,0.00,5200
1451,INV-2023-08-14-0451,8/14/2023,3,662,11,4,1500,1031,0.00,6000
1452,INV-2025-09-27-0452,9/27/2025,8,606,8,5,300,197,0.10,1350
1453,INV-2024-11-09-0453,11/9/2024,4,590,2,2,1200,858,0.15,2040
1454,INV-2024-06-04-0454,6/4/2024,1,677,6,7,500,305,0.00,3500
1455,INV-2025-01-07-0455,1/7/2025,2,608,12,1,1200,823,0.00,1200
1456,INV-2025-04-25-0456,4/25/2025,8,673,3,3,600,411,0.00,1800
1457,INV-2025-06-12-0457,6/12/2025,5,577,12,5,1200,667,0.00,6000
1458,INV-2025-07-18-0458,7/18/2025,2,600,14,3,1200,831,0.15,3060
1459,INV-2025-09-01-0459,9/1/2025,3,568,9,3,2500,1614,0.00,7500
1460,INV-2025-05-03-0460,5/3/2025,8,665,18,1,750,414,0.00,750
1461,INV-2025-03-10-0461,3/10/2025,8,696,11,5,1500,897,0.10,6750
1462,INV-2025-11-12-0462,11/12/2025,5,634,11,7,1500,965,0.10,9450
1463,INV-2024-06-07-0463,6/7/2024,7,516,10,1,1800,1184,0.00,1800
1464,INV-2024-09-30-0464,9/30/2024,7,648,4,6,1500,960,0.05,8550
1465,INV-2024-11-17-0465,11/17/2024,7,626,8,1,300,207,0.00,300
1466,INV-2025-10-22-0466,10/22/2025,6,622,17,7,2200,1377,0.15,13090
1467,INV-2025-08-17-0467,8/17/2025,3,507,9,3,2500,1806,0.15,6375
1468,INV-2023-04-03-0468,4/3/2023,8,521,10,1,1800,1138,0.00,1800
1469,INV-2024-11-18-0469,11/18/2024,8,581,17,1,2200,1581,0.10,1980
1470,INV-2024-01-05-0470,1/5/2024,8,667,4,3,1500,1084,0.00,4500
1471,INV-2024-09-22-0471,9/22/2024,3,618,15,5,3500,2271,0.00,17500
1472,INV-2023-03-26-0472,3/26/2023,1,582,7,5,400,278,0.10,1800
1473,INV-2024-04-28-0473,4/28/2024,2,617,18,8,750,557,0.05,5700
1474,INV-2024-08-03-0474,8/3/2024,2,518,20,1,4500,2580,0.05,4275
1475,INV-2025-06-15-0475,6/15/2025,3,545,3,6,600,417,0.00,3600
1476,INV-2023-05-20-0476,5/20/2023,7,662,14,2,1200,865,0.05,2280
1477,INV-2023-06-17-0477,6/17/2023,7,567,7,7,400,280,0.00,2800
1478,INV-2025-08-27-0478,8/27/2025,1,545,6,7,500,348,0.15,2975
1479,INV-2024-07-06-0479,7/6/2024,2,569,15,2,3500,2604,0.00,7000
1480,INV-2025-01-13-0480,1/13/2025,8,645,17,8,2200,1640,0.15,14960
1481,INV-2025-05-16-0481,5/16/2025,3,606,11,8,1500,1107,0.05,11400
1482,INV-2025-01-17-0482,1/17/2025,6,613,1,5,650,436,0.05,3087.5
1483,INV-2025-04-16-0483,4/16/2025,8,544,7,5,400,298,0.05,1900
1484,INV-2023-06-19-0484,6/19/2023,6,642,2,3,1200,849,0.00,3600
1485,INV-2024-10-25-0485,10/25/2024,8,666,1,5,650,420,0.05,3087.5
1486,INV-2023-03-31-0486,3/31/2023,6,662,15,7,3500,1960,0.00,24500
1487,INV-2025-09-23-0487,9/23/2025,2,666,16,8,900,589,0.05,6840
1488,INV-2024-06-26-0488,6/26/2024,3,533,19,8,850,512,0.15,5780
1489,INV-2024-07-19-0489,7/19/2024,4,650,20,7,4500,2708,0.05,29925
1490,INV-2025-11-01-0490,11/1/2025,7,653,17,5,2200,1559,0.10,9900
1491,INV-2024-06-29-0491,6/29/2024,6,502,5,3,700,521,0.00,2100
1492,INV-2025-09-22-0492,9/22/2025,8,673,11,6,1500,921,0.00,9000
1493,INV-2025-02-05-0493,2/5/2025,7,563,11,5,1500,998,0.10,6750
1494,INV-2025-03-16-0494,3/16/2025,4,579,15,2,3500,2134,0.00,7000
1495,INV-2024-10-29-0495,10/29/2024,1,666,11,2,1500,1028,0.00,3000
1496,INV-2023-08-09-0496,8/9/2023,2,662,15,3,3500,2584,0.10,9450
1497,INV-2024-07-23-0497,7/23/2024,2,524,17,2,2200,1554,0.15,3740
1498,INV-2025-02-26-0498,2/26/2025,3,645,19,2,850,534,0.10,1530
1499,INV-2025-09-22-0499,9/22/2025,1,574,13,2,800,459,0.00,1600
1500,INV-2025-04-27-0500,4/27/2025,4,622,8,4,300,189,0.10,1080
1501,INV-2025-09-18-0501,9/18/2025,6,536,1,8,650,464,0.00,5200
1502,INV-2025-08-27-0502,8/27/2025,6,522,2,8,1200,707,0.15,8160
1503,INV-2023-01-30-0503,1/30/2023,6,537,3,6,600,347,0.05,3420
1504,INV-2025-08-26-0504,8/26/2025,5,627,13,1,800,517,0.15,680
1505,INV-2023-12-21-0505,12/21/2023,7,537,10,1,1800,1024,0.10,1620
1506,INV-2025-04-20-0506,4/20/2025,2,557,15,3,3500,2598,0.00,10500
1507,INV-2025-08-09-0507,8/9/2025,5,624,5,4,700,385,0.05,2660
1508,INV-2024-07-05-0508,7/5/2024,3,562,10,4,1800,1274,0.05,6840
1509,INV-2024-04-23-0509,4/23/2024,7,642,8,8,300,170,0.00,2400
1510,INV-2025-10-12-0510,10/12/2025,2,573,5,5,700,405,0.00,3500
1511,INV-2025-02-24-0511,2/24/2025,7,609,12,3,1200,734,0.00,3600
1512,INV-2025-08-13-0512,8/13/2025,1,563,1,8,650,437,0.10,4680
1513,INV-2025-08-30-0513,8/30/2025,8,560,7,8,400,300,0.15,2720
1514,INV-2025-10-03-0514,10/3/2025,2,591,12,3,1200,838,0.10,3240
1515,INV-2025-09-22-0515,9/22/2025,7,545,4,5,1500,1040,0.05,7125
1516,INV-2025-10-16-0516,10/16/2025,1,623,20,2,4500,3128,0.15,7650
1517,INV-2024-09-22-0517,9/22/2024,8,690,20,8,4500,2956,0.05,34200
1518,INV-2024-02-10-0518,2/10/2024,1,561,17,5,2200,1307,0.10,9900
1519,INV-2025-10-12-0519,10/12/2025,1,663,11,4,1500,878,0.10,5400
1520,INV-2025-08-19-0520,8/19/2025,6,628,4,7,1500,1117,0.00,10500
1521,INV-2025-05-25-0521,5/25/2025,8,639,20,3,4500,2930,0.05,12825
1522,INV-2025-06-09-0522,6/9/2025,5,678,16,2,900,673,0.00,1800
1523,INV-2025-03-01-0523,3/1/2025,4,560,20,8,4500,3283,0.00,36000
1524,INV-2024-03-28-0524,3/28/2024,2,685,3,1,600,365,0.00,600
1525,INV-2024-12-01-0525,12/1/2024,5,693,17,5,2200,1344,0.00,11000
1526,INV-2025-10-18-0526,10/18/2025,2,545,10,5,1800,1334,0.05,8550
1527,INV-2023-07-26-0527,7/26/2023,3,577,10,5,1800,1235,0.10,8100
1528,INV-2025-07-07-0528,7/7/2025,1,595,3,7,600,412,0.05,3990
1529,INV-2025-04-14-0529,4/14/2025,1,532,9,6,2500,1416,0.00,15000
1530,INV-2025-12-26-0530,12/26/2025,6,507,5,8,700,512,0.00,5600
1531,INV-2023-12-04-0531,12/4/2023,3,630,18,4,750,562,0.00,3000
1532,INV-2025-04-05-0532,4/5/2025,1,562,20,4,4500,2547,0.10,16200
1533,INV-2025-06-18-0533,6/18/2025,2,686,3,1,600,368,0.10,540
1534,INV-2024-12-11-0534,12/11/2024,2,586,1,2,650,481,0.00,1300
1535,INV-2025-01-17-0535,1/17/2025,4,632,20,3,4500,3335,0.00,13500
1536,INV-2025-06-15-0536,6/15/2025,4,559,3,4,600,332,0.10,2160
1537,INV-2024-01-19-0537,1/19/2024,7,666,19,3,850,487,0.05,2422.5
1538,INV-2025-01-31-0538,1/31/2025,1,634,4,2,1500,1123,0.10,2700
1539,INV-2024-01-28-0539,1/28/2024,2,533,2,5,1200,876,0.15,5100
1540,INV-2025-03-30-0540,3/30/2025,6,668,12,4,1200,718,0.10,4320
1541,INV-2024-05-04-0541,5/4/2024,1,511,7,6,400,254,0.15,2040
1542,INV-2025-10-17-0542,10/17/2025,4,658,16,4,900,600,0.05,3420
1543,INV-2025-12-04-0543,12/4/2025,5,605,3,8,600,355,0.00,4800
1544,INV-2024-08-17-0544,8/17/2024,6,575,1,4,650,402,0.10,2340
1545,INV-2024-05-11-0545,5/11/2024,4,511,9,3,2500,1755,0.00,7500
1546,INV-2025-12-28-0546,12/28/2025,1,676,5,1,700,411,0.10,630
1547,INV-2025-05-24-0547,5/24/2025,7,646,6,2,500,277,0.00,1000
1548,INV-2025-06-28-0548,6/28/2025,7,587,11,1,1500,921,0.00,1500
1549,INV-2025-10-12-0549,10/12/2025,4,504,14,6,1200,674,0.10,6480
1550,INV-2024-09-07-0550,9/7/2024,8,529,11,4,1500,1050,0.00,6000
1551,INV-2025-11-11-0551,11/11/2025,6,533,12,2,1200,895,0.05,2280
1552,INV-2024-12-18-0552,12/18/2024,7,636,18,2,750,485,0.00,1500
1553,INV-2024-07-09-0553,7/9/2024,1,662,1,2,650,362,0.05,1235
1554,INV-2024-09-04-0554,9/4/2024,1,669,10,6,1800,1268,0.15,9180
1555,INV-2024-12-29-0555,12/29/2024,1,625,13,4,800,468,0.10,2880
1556,INV-2024-10-19-0556,10/19/2024,1,687,13,1,800,556,0.10,720
1557,INV-2023-09-28-0557,9/28/2023,1,623,9,5,2500,1822,0.10,11250
1558,INV-2024-11-27-0558,11/27/2024,7,610,18,6,750,524,0.10,4050
1559,INV-2024-05-16-0559,5/16/2024,2,613,9,3,2500,1553,0.05,7125
1560,INV-2025-09-16-0560,9/16/2025,6,534,16,8,900,625,0.10,6480
1561,INV-2025-01-16-0561,1/16/2025,6,677,12,4,1200,887,0.00,4800
1562,INV-2024-11-15-0562,11/15/2024,5,646,7,3,400,222,0.05,1140
1563,INV-2025-01-26-0563,1/26/2025,6,700,19,8,850,630,0.00,6800
1564,INV-2025-06-19-0564,6/19/2025,7,531,13,8,800,561,0.10,5760
1565,INV-2023-09-07-0565,9/7/2023,8,662,7,3,400,253,0.05,1140
1566,INV-2025-06-15-0566,6/15/2025,4,665,11,7,1500,1046,0.00,10500
1567,INV-2024-09-04-0567,9/4/2024,1,686,16,2,900,659,0.00,1800
1568,INV-2025-03-15-0568,3/15/2025,4,596,3,1,600,394,0.10,540
1569,INV-2023-06-10-0569,6/10/2023,3,592,14,3,1200,766,0.00,3600
1570,INV-2025-02-08-0570,2/8/2025,8,677,6,4,500,316,0.00,2000
1571,INV-2024-04-18-0571,4/18/2024,8,682,11,6,1500,850,0.05,8550
1572,INV-2025-10-27-0572,10/27/2025,2,630,9,1,2500,1732,0.10,2250
1573,INV-2024-05-18-0573,5/18/2024,6,674,20,2,4500,2683,0.00,9000
1574,INV-2025-04-09-0574,4/9/2025,8,644,2,7,1200,789,0.05,7980
1575,INV-2024-04-23-0575,4/23/2024,2,554,4,2,1500,1097,0.15,2550
1576,INV-2025-05-14-0576,5/14/2025,5,698,20,7,4500,2551,0.10,28350
1577,INV-2024-12-12-0577,12/12/2024,6,653,3,6,600,338,0.10,3240
1578,INV-2024-08-11-0578,8/11/2024,1,662,3,4,600,393,0.00,2400
1579,INV-2025-07-09-0579,7/9/2025,8,595,6,6,500,290,0.05,2850
1580,INV-2025-08-16-0580,8/16/2025,6,561,20,1,4500,2501,0.10,4050
1581,INV-2025-09-23-0581,9/23/2025,7,509,9,2,2500,1617,0.10,4500
1582,INV-2025-08-02-0582,8/2/2025,5,600,10,4,1800,1297,0.10,6480
1583,INV-2025-08-21-0583,8/21/2025,2,523,17,8,2200,1646,0.05,16720
1584,INV-2025-04-12-0584,4/12/2025,4,690,17,1,2200,1218,0.00,2200
1585,INV-2025-05-22-0585,5/22/2025,2,530,2,6,1200,836,0.00,7200
1586,INV-2025-05-17-0586,5/17/2025,2,556,1,2,650,358,0.05,1235
1587,INV-2024-06-09-0587,6/9/2024,4,665,1,4,650,360,0.00,2600
1588,INV-2025-03-17-0588,3/17/2025,6,616,3,6,600,438,0.00,3600
1589,INV-2025-06-21-0589,6/21/2025,1,609,1,4,650,416,0.05,2470
1590,INV-2025-10-24-0590,10/24/2025,7,624,8,1,300,191,0.00,300
1591,INV-2025-01-28-0591,1/28/2025,2,611,1,2,650,399,0.05,1235
1592,INV-2024-04-05-0592,4/5/2024,3,553,2,2,1200,851,0.10,2160
1593,INV-2025-05-10-0593,5/10/2025,2,641,18,8,750,523,0.00,6000
1594,INV-2025-05-29-0594,5/29/2025,1,588,8,4,300,176,0.10,1080
1595,INV-2024-01-07-0595,1/7/2024,6,543,20,3,4500,2906,0.05,12825
1596,INV-2025-10-28-0596,10/28/2025,1,627,4,7,1500,1035,0.10,9450
1597,INV-2024-12-26-0597,12/26/2024,7,524,8,2,300,184,0.00,600
1598,INV-2024-07-29-0598,7/29/2024,5,515,2,6,1200,756,0.10,6480
1599,INV-2025-09-04-0599,9/4/2025,8,517,16,6,900,501,0.00,5400
1600,INV-2024-04-16-0600,4/16/2024,1,518,6,1,500,309,0.15,425
1601,INV-2025-03-18-0601,3/18/2025,7,597,20,2,4500,3248,0.05,8550
1602,INV-2025-01-01-0602,1/1/2025,7,680,14,2,1200,683,0.10,2160
1603,INV-2025-08-08-0603,8/8/2025,5,672,18,8,750,516,0.10,5400
1604,INV-2025-02-01-0604,2/1/2025,1,634,13,4,800,510,0.00,3200
1605,INV-2024-12-03-0605,12/3/2024,7,570,20,8,4500,3343,0.10,32400
1606,INV-2025-06-17-0606,6/17/2025,7,541,17,3,2200,1588,0.05,6270
1607,INV-2025-02-17-0607,2/17/2025,6,610,1,5,650,431,0.15,2762.5
1608,INV-2025-07-10-0608,7/10/2025,5,567,8,3,300,195,0.00,900
1609,INV-2024-12-19-0609,12/19/2024,8,617,3,8,600,378,0.15,4080
1610,INV-2025-08-17-0610,8/17/2025,7,698,11,2,1500,875,0.00,3000
1611,INV-2025-11-22-0611,11/22/2025,7,683,16,7,900,586,0.05,5985
1612,INV-2024-01-13-0612,1/13/2024,1,652,7,8,400,263,0.00,3200
1613,INV-2025-06-13-0613,6/13/2025,6,619,17,3,2200,1260,0.15,5610
1614,INV-2025-11-08-0614,11/8/2025,7,551,14,1,1200,724,0.00,1200
1615,INV-2025-10-09-0615,10/9/2025,8,573,11,3,1500,1019,0.15,3825
1616,INV-2025-10-26-0616,10/26/2025,1,694,12,5,1200,819,0.05,5700
1617,INV-2025-04-17-0617,4/17/2025,7,588,18,1,750,541,0.10,675
1618,INV-2025-12-18-0618,12/18/2025,5,657,6,2,500,319,0.10,900
1619,INV-2024-01-26-0619,1/26/2024,6,642,19,7,850,526,0.00,5950
1620,INV-2025-11-26-0620,11/26/2025,8,698,12,5,1200,761,0.10,5400
1621,INV-2024-07-06-0621,7/6/2024,8,579,15,7,3500,1974,0.00,24500
1622,INV-2025-05-13-0622,5/13/2025,5,525,14,2,1200,700,0.05,2280
1623,INV-2025-06-14-0623,6/14/2025,5,565,15,6,3500,2374,0.00,21000
1624,INV-2025-05-19-0624,5/19/2025,7,601,3,4,600,331,0.00,2400
1625,INV-2023-12-01-0625,12/1/2023,4,689,5,8,700,434,0.00,5600
1626,INV-2024-06-27-0626,6/27/2024,3,521,20,8,4500,3175,0.10,32400
1627,INV-2025-03-15-0627,3/15/2025,8,681,10,5,1800,1031,0.00,9000
1628,INV-2025-07-16-0628,7/16/2025,1,519,3,4,600,427,0.05,2280
1629,INV-2025-10-03-0629,10/3/2025,8,641,17,4,2200,1278,0.05,8360
1630,INV-2025-01-11-0630,1/11/2025,3,663,11,8,1500,865,0.15,10200
1631,INV-2025-12-26-0631,12/26/2025,1,570,8,5,300,171,0.00,1500
1632,INV-2025-03-18-0632,3/18/2025,6,515,8,8,300,203,0.00,2400
1633,INV-2024-12-11-0633,12/11/2024,7,561,12,4,1200,669,0.05,4560
1634,INV-2025-05-26-0634,5/26/2025,7,546,7,5,400,221,0.15,1700
1635,INV-2024-01-10-0635,1/10/2024,6,513,17,2,2200,1464,0.00,4400
1636,INV-2024-11-19-0636,11/19/2024,8,690,4,4,1500,1019,0.00,6000
1637,INV-2024-04-26-0637,4/26/2024,7,598,14,3,1200,711,0.05,3420
1638,INV-2023-05-02-0638,5/2/2023,3,641,3,7,600,355,0.15,3570
1639,INV-2025-05-24-0639,5/24/2025,1,530,9,6,2500,1668,0.15,12750
1640,INV-2024-11-09-0640,11/9/2024,7,627,3,7,600,434,0.05,3990
1641,INV-2025-09-16-0641,9/16/2025,5,509,5,7,700,403,0.00,4900
1642,INV-2025-01-19-0642,1/19/2025,1,593,8,4,300,212,0.00,1200
1643,INV-2025-06-20-0643,6/20/2025,5,569,17,7,2200,1396,0.00,15400
1644,INV-2025-09-10-0644,9/10/2025,4,612,9,6,2500,1474,0.05,14250
1645,INV-2024-06-13-0645,6/13/2024,7,686,9,2,2500,1757,0.05,4750
1646,INV-2025-03-23-0646,3/23/2025,7,583,17,1,2200,1618,0.00,2200
1647,INV-2025-07-25-0647,7/25/2025,8,622,19,3,850,533,0.00,2550
1648,INV-2024-07-10-0648,7/10/2024,1,580,20,2,4500,2527,0.10,8100
1649,INV-2025-10-22-0649,10/22/2025,2,689,12,6,1200,699,0.05,6840
1650,INV-2025-09-08-0650,9/8/2025,5,647,10,8,1800,1238,0.05,13680
1651,INV-2025-07-09-0651,7/9/2025,5,622,1,6,650,393,0.05,3705
1652,INV-2025-11-21-0652,11/21/2025,3,698,5,1,700,508,0.00,700
1653,INV-2025-05-02-0653,5/2/2025,4,536,18,5,750,488,0.10,3375
1654,INV-2025-09-30-0654,9/30/2025,8,565,20,8,4500,3237,0.10,32400
1655,INV-2025-11-07-0655,11/7/2025,5,697,4,5,1500,1058,0.00,7500
1656,INV-2024-10-31-0656,10/31/2024,7,541,1,7,650,394,0.10,4095
1657,INV-2025-08-18-0657,8/18/2025,5,624,14,6,1200,764,0.00,7200
1658,INV-2025-11-18-0658,11/18/2025,6,645,16,8,900,498,0.15,6120
1659,INV-2025-03-01-0659,3/1/2025,5,568,12,1,1200,851,0.10,1080
1660,INV-2025-06-13-0660,6/13/2025,5,525,11,5,1500,1018,0.05,7125
1661,INV-2024-02-03-0661,2/3/2024,5,574,16,1,900,537,0.00,900
1662,INV-2024-10-28-0662,10/28/2024,5,677,12,2,1200,726,0.10,2160
1663,INV-2024-03-24-0663,3/24/2024,2,667,9,2,2500,1659,0.00,5000
1664,INV-2025-12-15-0664,12/15/2025,7,623,4,7,1500,1020,0.10,9450
1665,INV-2025-10-04-0665,10/4/2025,2,633,9,1,2500,1564,0.00,2500
1666,INV-2024-01-06-0666,1/6/2024,2,685,11,3,1500,1102,0.00,4500
1667,INV-2023-10-29-0667,10/29/2023,4,604,14,1,1200,873,0.05,1140
1668,INV-2025-07-04-0668,7/4/2025,8,549,1,7,650,486,0.00,4550
1669,INV-2024-11-14-0669,11/14/2024,1,684,20,5,4500,2653,0.00,22500
1670,INV-2023-09-27-0670,9/27/2023,2,696,8,2,300,213,0.10,540
1671,INV-2025-07-07-0671,7/7/2025,6,605,17,4,2200,1371,0.15,7480
1672,INV-2025-07-08-0672,7/8/2025,1,546,15,2,3500,2041,0.00,7000
1673,INV-2025-12-20-0673,12/20/2025,1,588,9,3,2500,1865,0.00,7500
1674,INV-2024-10-18-0674,10/18/2024,8,581,17,8,2200,1413,0.05,16720
1675,INV-2023-10-01-0675,10/1/2023,7,539,19,7,850,562,0.05,5652.5
1676,INV-2025-11-25-0676,11/25/2025,7,668,10,7,1800,1127,0.00,12600
1677,INV-2025-01-29-0677,1/29/2025,7,510,1,7,650,486,0.00,4550
1678,INV-2024-03-05-0678,3/5/2024,8,665,4,1,1500,932,0.05,1425
1679,INV-2025-12-02-0679,12/2/2025,6,540,12,1,1200,822,0.00,1200
1680,INV-2025-09-02-0680,9/2/2025,7,565,11,5,1500,1116,0.05,7125
1681,INV-2025-03-24-0681,3/24/2025,5,552,15,5,3500,2494,0.10,15750
1682,INV-2025-11-05-0682,11/5/2025,4,607,13,3,800,600,0.00,2400
1683,INV-2025-08-30-0683,8/30/2025,5,657,16,7,900,630,0.00,6300
1684,INV-2023-10-05-0684,10/5/2023,7,672,14,4,1200,780,0.10,4320
1685,INV-2025-09-16-0685,9/16/2025,2,624,1,7,650,455,0.00,4550
1686,INV-2024-03-26-0686,3/26/2024,1,619,11,6,1500,1075,0.05,8550
1687,INV-2023-11-15-0687,11/15/2023,7,682,1,2,650,447,0.15,1105
1688,INV-2024-05-31-0688,5/31/2024,3,542,5,1,700,498,0.10,630
1689,INV-2025-06-23-0689,6/23/2025,2,664,4,8,1500,1017,0.15,10200
1690,INV-2025-10-04-0690,10/4/2025,5,563,2,1,1200,746,0.05,1140
1691,INV-2025-04-25-0691,4/25/2025,1,597,6,6,500,369,0.05,2850
1692,INV-2024-11-05-0692,11/5/2024,6,604,1,4,650,373,0.10,2340
1693,INV-2025-02-24-0693,2/24/2025,1,543,9,2,2500,1819,0.00,5000
1694,INV-2025-06-13-0694,6/13/2025,1,628,2,5,1200,837,0.00,6000
1695,INV-2025-01-04-0695,1/4/2025,1,699,6,4,500,296,0.10,1800
1696,INV-2024-03-19-0696,3/19/2024,4,659,17,1,2200,1304,0.00,2200
1697,INV-2025-02-22-0697,2/22/2025,8,581,4,3,1500,954,0.05,4275
1698,INV-2024-04-29-0698,4/29/2024,3,593,10,6,1800,1179,0.00,10800
1699,INV-2025-04-22-0699,4/22/2025,7,621,15,6,3500,2492,0.10,18900
1700,INV-2024-01-25-0700,1/25/2024,7,547,4,2,1500,850,0.10,2700
1701,INV-2024-11-04-0701,11/4/2024,7,577,3,1,600,375,0.10,540
1702,INV-2025-04-25-0702,4/25/2025,6,653,3,3,600,346,0.10,1620
1703,INV-2025-03-30-0703,3/30/2025,8,560,12,6,1200,776,0.00,7200
1704,INV-2024-04-09-0704,4/9/2024,4,691,18,3,750,493,0.00,2250
1705,INV-2025-10-20-0705,10/20/2025,2,595,15,1,3500,2397,0.00,3500
1706,INV-2025-11-15-0706,11/15/2025,1,538,14,7,1200,703,0.05,7980
1707,INV-2024-04-18-0707,4/18/2024,6,534,7,5,400,260,0.00,2000
1708,INV-2024-08-31-0708,8/31/2024,2,510,5,3,700,400,0.05,1995
1709,INV-2023-11-04-0709,11/4/2023,4,576,15,6,3500,2104,0.00,21000
1710,INV-2025-08-14-0710,8/14/2025,1,540,16,7,900,549,0.05,5985
1711,INV-2025-07-14-0711,7/14/2025,4,629,20,7,4500,3354,0.05,29925
1712,INV-2023-10-21-0712,10/21/2023,4,550,12,2,1200,765,0.00,2400
1713,INV-2024-09-30-0713,9/30/2024,3,691,8,5,300,203,0.05,1425
1714,INV-2024-06-30-0714,6/30/2024,6,519,13,6,800,530,0.15,4080
1715,INV-2025-06-21-0715,6/21/2025,4,684,7,6,400,233,0.05,2280
1716,INV-2025-08-07-0716,8/7/2025,3,679,14,2,1200,755,0.00,2400
1717,INV-2024-05-10-0717,5/10/2024,8,593,16,1,900,604,0.10,810
1718,INV-2024-08-21-0718,8/21/2024,3,528,1,3,650,363,0.05,1852.5
1719,INV-2025-12-18-0719,12/18/2025,5,690,19,6,850,619,0.10,4590
1720,INV-2023-09-29-0720,9/29/2023,3,641,13,5,800,481,0.00,4000
1721,INV-2025-01-29-0721,1/29/2025,2,526,13,7,800,526,0.00,5600
1722,INV-2024-05-17-0722,5/17/2024,2,589,7,1,400,287,0.00,400
1723,INV-2025-10-13-0723,10/13/2025,1,635,7,3,400,229,0.00,1200
1724,INV-2025-07-15-0724,7/15/2025,1,508,2,2,1200,752,0.05,2280
1725,INV-2024-12-03-0725,12/3/2024,2,570,3,1,600,404,0.05,570
1726,INV-2024-03-09-0726,3/9/2024,8,554,7,1,400,252,0.00,400
1727,INV-2024-10-19-0727,10/19/2024,6,554,4,2,1500,974,0.00,3000
1728,INV-2025-08-29-0728,8/29/2025,3,644,12,8,1200,691,0.15,8160
1729,INV-2025-08-04-0729,8/4/2025,3,658,12,5,1200,772,0.00,6000
1730,INV-2024-10-15-0730,10/15/2024,8,666,15,1,3500,2383,0.05,3325
1731,INV-2023-04-04-0731,4/4/2023,5,534,6,1,500,339,0.05,475
1732,INV-2025-02-20-0732,2/20/2025,7,543,13,3,800,598,0.15,2040
1733,INV-2025-08-09-0733,8/9/2025,3,612,4,7,1500,877,0.15,8925
1734,INV-2025-10-24-0734,10/24/2025,3,555,3,1,600,446,0.00,600
1735,INV-2025-09-13-0735,9/13/2025,5,699,9,2,2500,1858,0.05,4750
1736,INV-2023-12-30-0736,12/30/2023,5,669,8,1,300,225,0.05,285
1737,INV-2024-10-14-0737,10/14/2024,1,569,17,3,2200,1259,0.10,5940
1738,INV-2024-12-24-0738,12/24/2024,4,611,7,2,400,242,0.00,800
1739,INV-2025-12-16-0739,12/16/2025,3,588,14,4,1200,788,0.00,4800
1740,INV-2025-04-09-0740,4/9/2025,2,630,14,6,1200,715,0.00,7200
1741,INV-2024-06-30-0741,6/30/2024,5,613,11,3,1500,915,0.00,4500
1742,INV-2024-07-17-0742,7/17/2024,8,613,16,6,900,572,0.00,5400
1743,INV-2025-09-27-0743,9/27/2025,5,560,17,5,2200,1327,0.00,11000
1744,INV-2024-05-20-0744,5/20/2024,2,691,19,1,850,470,0.05,807.5
1745,INV-2025-11-30-0745,11/30/2025,6,635,16,3,900,537,0.05,2565
1746,INV-2025-06-08-0746,6/8/2025,7,673,9,8,2500,1729,0.00,20000
1747,INV-2024-08-09-0747,8/9/2024,7,575,7,1,400,297,0.00,400
1748,INV-2024-08-22-0748,8/22/2024,1,672,11,6,1500,991,0.00,9000
1749,INV-2025-04-26-0749,4/26/2025,3,660,11,8,1500,1020,0.00,12000
1750,INV-2025-06-06-0750,6/6/2025,6,544,1,8,650,487,0.00,5200
1751,INV-2023-03-30-0751,3/30/2023,6,687,7,8,400,239,0.00,3200
1752,INV-2024-02-06-0752,2/6/2024,6,542,9,6,2500,1414,0.05,14250
1753,INV-2025-09-08-0753,9/8/2025,3,689,6,2,500,321,0.00,1000
1754,INV-2024-06-13-0754,6/13/2024,6,581,8,8,300,213,0.15,2040
1755,INV-2025-12-10-0755,12/10/2025,2,520,1,4,650,404,0.00,2600
1756,INV-2025-07-01-0756,7/1/2025,7,695,5,4,700,450,0.10,2520
1757,INV-2025-05-02-0757,5/2/2025,4,589,6,8,500,339,0.05,3800
1758,INV-2025-09-18-0758,9/18/2025,3,613,7,7,400,283,0.00,2800
1759,INV-2023-12-29-0759,12/29/2023,4,674,3,8,600,437,0.05,4560
1760,INV-2025-09-27-0760,9/27/2025,8,634,12,4,1200,871,0.05,4560
1761,INV-2024-05-07-0761,5/7/2024,6,511,11,7,1500,1049,0.05,9975
1762,INV-2025-09-19-0762,9/19/2025,6,548,1,7,650,390,0.05,4322.5
1763,INV-2025-07-10-0763,7/10/2025,7,668,18,7,750,509,0.00,5250
1764,INV-2023-12-26-0764,12/26/2023,6,661,15,4,3500,1956,0.00,14000
1765,INV-2025-12-27-0765,12/27/2025,6,594,14,2,1200,703,0.05,2280
1766,INV-2024-11-01-0766,11/1/2024,8,601,1,1,650,478,0.15,552.5
1767,INV-2025-01-20-0767,1/20/2025,3,626,5,5,700,521,0.15,2975
1768,INV-2024-02-25-0768,2/25/2024,4,621,18,3,750,484,0.00,2250
1769,INV-2024-06-12-0769,6/12/2024,5,640,17,2,2200,1281,0.00,4400
1770,INV-2024-01-21-0770,1/21/2024,8,613,4,3,1500,955,0.00,4500
1771,INV-2025-12-16-0771,12/16/2025,5,600,2,5,1200,729,0.15,5100
1772,INV-2025-10-29-0772,10/29/2025,2,588,18,5,750,518,0.00,3750
1773,INV-2023-12-24-0773,12/24/2023,5,576,16,4,900,570,0.00,3600
1774,INV-2024-05-17-0774,5/17/2024,1,627,18,1,750,509,0.10,675
1775,INV-2024-12-27-0775,12/27/2024,4,680,20,8,4500,2921,0.05,34200
1776,INV-2025-10-05-0776,10/5/2025,7,626,9,5,2500,1600,0.05,11875
1777,INV-2025-12-21-0777,12/21/2025,8,673,5,2,700,454,0.05,1330
1778,INV-2024-12-27-0778,12/27/2024,1,534,17,5,2200,1442,0.00,11000
1779,INV-2024-08-21-0779,8/21/2024,2,693,4,2,1500,969,0.00,3000
1780,INV-2025-06-30-0780,6/30/2025,5,656,10,2,1800,1037,0.00,3600
1781,INV-2024-08-18-0781,8/18/2024,2,516,6,6,500,359,0.00,3000
1782,INV-2024-08-22-0782,8/22/2024,8,614,5,6,700,407,0.10,3780
1783,INV-2025-12-13-0783,12/13/2025,7,544,3,6,600,387,0.05,3420
1784,INV-2023-09-28-0784,9/28/2023,8,671,1,6,650,420,0.10,3510
1785,INV-2024-12-02-0785,12/2/2024,4,687,17,1,2200,1571,0.05,2090
1786,INV-2024-12-16-0786,12/16/2024,6,562,7,6,400,263,0.10,2160
1787,INV-2024-10-21-0787,10/21/2024,1,579,12,1,1200,732,0.15,1020
1788,INV-2025-06-04-0788,6/4/2025,7,695,10,1,1800,1310,0.10,1620
1789,INV-2024-09-13-0789,9/13/2024,1,515,17,2,2200,1640,0.10,3960
1790,INV-2024-01-03-0790,1/3/2024,7,519,17,6,2200,1590,0.00,13200
1791,INV-2024-12-05-0791,12/5/2024,4,639,17,3,2200,1364,0.10,5940
1792,INV-2025-08-24-0792,8/24/2025,7,578,9,4,2500,1442,0.05,9500
1793,INV-2025-02-12-0793,2/12/2025,6,643,10,4,1800,1139,0.00,7200
1794,INV-2024-02-10-0794,2/10/2024,1,524,8,1,300,179,0.05,285
1795,INV-2025-07-03-0795,7/3/2025,3,624,9,2,2500,1456,0.00,5000
1796,INV-2023-09-02-0796,9/2/2023,5,678,18,3,750,462,0.00,2250
1797,INV-2025-02-17-0797,2/17/2025,6,560,3,3,600,396,0.00,1800
1798,INV-2025-07-21-0798,7/21/2025,2,652,15,6,3500,2067,0.15,17850
1799,INV-2025-07-29-0799,7/29/2025,5,605,11,8,1500,917,0.10,10800
1800,INV-2025-10-18-0800,10/18/2025,8,697,19,1,850,605,0.00,850
1801,INV-2025-09-15-0801,9/15/2025,5,664,1,1,650,420,0.05,617.5
1802,INV-2024-12-19-0802,12/19/2024,6,667,5,7,700,523,0.00,4900
1803,INV-2024-10-21-0803,10/21/2024,5,672,7,7,400,251,0.10,2520
1804,INV-2025-04-29-0804,4/29/2025,5,609,7,7,400,253,0.00,2800
1805,INV-2025-11-05-0805,11/5/2025,5,624,18,1,750,501,0.10,675
1806,INV-2025-08-02-0806,8/2/2025,1,611,15,3,3500,2445,0.00,10500
1807,INV-2025-02-27-0807,2/27/2025,4,570,1,7,650,473,0.10,4095
1808,INV-2025-09-19-0808,9/19/2025,4,639,18,3,750,418,0.05,2137.5
1809,INV-2025-07-08-0809,7/8/2025,2,518,14,6,1200,774,0.15,6120
1810,INV-2023-02-09-0810,2/9/2023,6,539,7,8,400,264,0.10,2880
1811,INV-2024-12-23-0811,12/23/2024,6,580,1,4,650,449,0.00,2600
1812,INV-2025-11-01-0812,11/1/2025,2,531,6,5,500,283,0.15,2125
1813,INV-2024-05-02-0813,5/2/2024,8,609,5,7,700,435,0.15,4165
1814,INV-2024-04-01-0814,4/1/2024,7,626,5,2,700,515,0.05,1330
1815,INV-2024-11-14-0815,11/14/2024,5,575,7,5,400,239,0.00,2000
1816,INV-2025-12-15-0816,12/15/2025,6,603,8,3,300,219,0.00,900
1817,INV-2025-12-22-0817,12/22/2025,7,525,8,1,300,193,0.05,285
1818,INV-2025-03-29-0818,3/29/2025,6,670,3,7,600,437,0.10,3780
1819,INV-2025-08-08-0819,8/8/2025,2,624,5,8,700,393,0.00,5600
1820,INV-2023-04-25-0820,4/25/2023,4,678,19,4,850,599,0.00,3400
1821,INV-2025-05-07-0821,5/7/2025,1,586,6,7,500,332,0.15,2975
1822,INV-2024-06-12-0822,6/12/2024,8,634,9,5,2500,1635,0.00,12500
1823,INV-2024-05-18-0823,5/18/2024,6,532,1,1,650,383,0.05,617.5
1824,INV-2025-03-30-0824,3/30/2025,5,599,3,5,600,365,0.00,3000
1825,INV-2024-04-21-0825,4/21/2024,4,679,18,1,750,450,0.15,637.5
1826,INV-2025-07-12-0826,7/12/2025,4,588,7,5,400,225,0.05,1900
1827,INV-2024-07-13-0827,7/13/2024,8,516,10,8,1800,1221,0.00,14400
1828,INV-2024-01-16-0828,1/16/2024,8,544,6,1,500,365,0.00,500
1829,INV-2025-08-15-0829,8/15/2025,7,574,9,7,2500,1649,0.05,16625
1830,INV-2024-02-24-0830,2/24/2024,4,682,18,2,750,496,0.00,1500
1831,INV-2024-08-18-0831,8/18/2024,8,515,14,8,1200,803,0.15,8160
1832,INV-2025-02-20-0832,2/20/2025,8,611,8,1,300,199,0.00,300
1833,INV-2025-09-22-0833,9/22/2025,5,555,15,5,3500,1939,0.00,17500
1834,INV-2024-03-24-0834,3/24/2024,4,678,9,6,2500,1529,0.00,15000
1835,INV-2025-12-06-0835,12/6/2025,1,673,10,6,1800,1050,0.10,9720
1836,INV-2025-02-10-0836,2/10/2025,2,644,6,5,500,363,0.00,2500
1837,INV-2024-06-27-0837,6/27/2024,2,552,3,3,600,429,0.00,1800
1838,INV-2024-07-05-0838,7/5/2024,8,686,3,7,600,374,0.00,4200
1839,INV-2024-07-14-0839,7/14/2024,4,589,14,3,1200,717,0.00,3600
1840,INV-2024-03-31-0840,3/31/2024,5,685,14,7,1200,664,0.15,7140
1841,INV-2025-07-10-0841,7/10/2025,3,666,9,7,2500,1684,0.00,17500
1842,INV-2023-04-17-0842,4/17/2023,1,519,17,8,2200,1610,0.10,15840
1843,INV-2025-05-04-0843,5/4/2025,5,572,4,4,1500,1121,0.05,5700
1844,INV-2023-10-19-0844,10/19/2023,7,661,10,8,1800,1307,0.00,14400
1845,INV-2025-08-26-0845,8/26/2025,3,503,6,3,500,328,0.00,1500
1846,INV-2025-12-02-0846,12/2/2025,2,677,14,2,1200,675,0.05,2280
1847,INV-2025-07-27-0847,7/27/2025,5,698,17,8,2200,1611,0.15,14960
1848,INV-2025-02-14-0848,2/14/2025,2,680,2,4,1200,882,0.00,4800
1849,INV-2025-07-13-0849,7/13/2025,3,629,7,8,400,221,0.00,3200
1850,INV-2025-03-02-0850,3/2/2025,5,620,13,3,800,501,0.10,2160
1851,INV-2025-11-16-0851,11/16/2025,6,678,16,8,900,597,0.10,6480
1852,INV-2025-05-14-0852,5/14/2025,2,633,12,1,1200,841,0.00,1200
1853,INV-2025-11-27-0853,11/27/2025,5,599,3,7,600,399,0.10,3780
1854,INV-2025-08-25-0854,8/25/2025,8,546,13,7,800,464,0.05,5320
1855,INV-2025-11-19-0855,11/19/2025,8,654,18,7,750,496,0.10,4725
1856,INV-2024-08-11-0856,8/11/2024,2,562,20,6,4500,3081,0.15,22950
1857,INV-2024-12-18-0857,12/18/2024,1,580,10,3,1800,1346,0.00,5400
1858,INV-2025-08-05-0858,8/5/2025,8,663,17,3,2200,1397,0.00,6600
1859,INV-2025-11-26-0859,11/26/2025,6,549,18,1,750,419,0.15,637.5
1860,INV-2024-03-31-0860,3/31/2024,1,589,13,3,800,473,0.05,2280
1861,INV-2024-12-10-0861,12/10/2024,4,684,8,6,300,191,0.10,1620
1862,INV-2025-07-19-0862,7/19/2025,2,578,9,2,2500,1844,0.05,4750
1863,INV-2024-05-12-0863,5/12/2024,5,521,7,6,400,278,0.10,2160
1864,INV-2024-10-07-0864,10/7/2024,2,699,3,6,600,445,0.05,3420
1865,INV-2024-09-29-0865,9/29/2024,7,531,3,7,600,420,0.05,3990
1866,INV-2023-11-12-0866,11/12/2023,3,639,16,5,900,645,0.05,4275
1867,INV-2024-06-10-0867,6/10/2024,8,535,1,4,650,372,0.10,2340
1868,INV-2024-01-04-0868,1/4/2024,4,615,9,8,2500,1469,0.10,18000
1869,INV-2025-08-28-0869,8/28/2025,5,585,15,1,3500,2350,0.05,3325
1870,INV-2025-10-03-0870,10/3/2025,4,584,2,6,1200,791,0.05,6840
1871,INV-2025-12-13-0871,12/13/2025,6,570,17,3,2200,1273,0.10,5940
1872,INV-2023-06-04-0872,6/4/2023,1,550,7,8,400,273,0.00,3200
1873,INV-2025-01-14-0873,1/14/2025,1,658,9,1,2500,1728,0.05,2375
1874,INV-2024-11-10-0874,11/10/2024,4,693,2,1,1200,701,0.05,1140
1875,INV-2025-10-31-0875,10/31/2025,5,675,7,5,400,288,0.15,1700
1876,INV-2025-05-06-0876,5/6/2025,4,636,5,6,700,445,0.10,3780
1877,INV-2025-03-14-0877,3/14/2025,4,580,2,4,1200,869,0.00,4800
1878,INV-2025-10-23-0878,10/23/2025,3,569,1,1,650,487,0.00,650
1879,INV-2025-06-28-0879,6/28/2025,8,554,3,1,600,434,0.00,600
1880,INV-2024-07-13-0880,7/13/2024,1,656,8,2,300,188,0.00,600
1881,INV-2025-05-09-0881,5/9/2025,7,550,14,2,1200,790,0.10,2160
1882,INV-2023-08-31-0882,8/31/2023,1,675,11,5,1500,1037,0.15,6375
1883,INV-2025-12-23-0883,12/23/2025,2,664,1,1,650,473,0.10,585
1884,INV-2025-09-15-0884,9/15/2025,5,620,8,4,300,174,0.00,1200
1885,INV-2024-08-06-0885,8/6/2024,7,619,10,6,1800,1260,0.10,9720
1886,INV-2025-11-10-0886,11/10/2025,2,599,20,8,4500,2552,0.15,30600
1887,INV-2024-08-22-0887,8/22/2024,4,562,2,6,1200,740,0.05,6840
1888,INV-2024-09-23-0888,9/23/2024,4,593,4,6,1500,837,0.10,8100
1889,INV-2025-09-03-0889,9/3/2025,2,649,11,8,1500,966,0.10,10800
1890,INV-2024-01-29-0890,1/29/2024,7,547,5,2,700,509,0.05,1330
1891,INV-2025-08-12-0891,8/12/2025,7,562,17,5,2200,1413,0.00,11000
1892,INV-2025-01-19-0892,1/19/2025,3,628,8,7,300,194,0.00,2100
1893,INV-2024-12-12-0893,12/12/2024,1,626,4,1,1500,1074,0.05,1425
1894,INV-2025-01-13-0894,1/13/2025,6,571,5,2,700,469,0.00,1400
1895,INV-2023-11-28-0895,11/28/2023,8,641,1,6,650,427,0.05,3705
1896,INV-2025-02-23-0896,2/23/2025,8,666,1,2,650,360,0.00,1300
1897,INV-2025-07-23-0897,7/23/2025,4,636,7,4,400,251,0.05,1520
1898,INV-2024-10-17-0898,10/17/2024,7,677,18,2,750,456,0.05,1425
1899,INV-2025-06-29-0899,6/29/2025,7,527,20,4,4500,2812,0.10,16200
1900,INV-2025-11-06-0900,11/6/2025,1,595,10,3,1800,1267,0.10,4860
1901,INV-2024-05-25-0901,5/25/2024,7,627,1,5,650,369,0.00,3250
1902,INV-2025-05-02-0902,5/2/2025,6,681,10,7,1800,1151,0.00,12600
1903,INV-2024-10-26-0903,10/26/2024,4,652,9,4,2500,1632,0.00,10000
1904,INV-2024-09-26-0904,9/26/2024,8,639,18,5,750,436,0.05,3562.5
1905,INV-2025-05-13-0905,5/13/2025,5,673,12,6,1200,773,0.05,6840
1906,INV-2024-04-23-0906,4/23/2024,5,632,16,8,900,554,0.00,7200
1907,INV-2025-09-22-0907,9/22/2025,5,607,2,7,1200,849,0.00,8400
1908,INV-2024-07-31-0908,7/31/2024,6,629,19,6,850,554,0.05,4845
1909,INV-2025-06-14-0909,6/14/2025,6,654,18,7,750,533,0.05,4987.5
1910,INV-2023-11-16-0910,11/16/2023,5,532,4,4,1500,1093,0.15,5100
1911,INV-2023-05-04-0911,5/4/2023,2,638,5,1,700,477,0.10,630
1912,INV-2025-03-29-0912,3/29/2025,8,588,1,2,650,440,0.00,1300
1913,INV-2023-11-08-0913,11/8/2023,4,676,13,8,800,558,0.10,5760
1914,INV-2024-11-25-0914,11/25/2024,1,562,10,8,1800,1206,0.05,13680
1915,INV-2023-12-19-0915,12/19/2023,5,561,18,6,750,437,0.10,4050
1916,INV-2025-04-27-0916,4/27/2025,3,599,7,8,400,260,0.10,2880
1917,INV-2025-05-26-0917,5/26/2025,6,699,7,4,400,280,0.15,1360
1918,INV-2025-10-26-0918,10/26/2025,5,664,19,1,850,585,0.00,850
1919,INV-2025-11-20-0919,11/20/2025,8,569,14,7,1200,725,0.05,7980
1920,INV-2025-01-28-0920,1/28/2025,2,541,7,5,400,247,0.05,1900
1921,INV-2025-01-19-0921,1/19/2025,3,691,12,3,1200,675,0.15,3060
1922,INV-2025-10-01-0922,10/1/2025,4,563,1,5,650,365,0.10,2925
1923,INV-2023-07-19-0923,7/19/2023,7,676,11,3,1500,927,0.00,4500
1924,INV-2025-09-17-0924,9/17/2025,4,698,6,1,500,359,0.00,500
1925,INV-2025-10-17-0925,10/17/2025,2,512,17,3,2200,1391,0.00,6600
1926,INV-2025-02-23-0926,2/23/2025,4,516,2,5,1200,864,0.05,5700
1927,INV-2025-05-23-0927,5/23/2025,1,588,5,4,700,412,0.00,2800
1928,INV-2023-08-31-0928,8/31/2023,6,503,17,5,2200,1290,0.10,9900
1929,INV-2025-01-14-0929,1/14/2025,1,549,5,4,700,422,0.00,2800
1930,INV-2025-06-22-0930,6/22/2025,6,510,16,7,900,672,0.10,5670
1931,INV-2024-05-13-0931,5/13/2024,5,606,20,5,4500,3235,0.15,19125
1932,INV-2025-08-26-0932,8/26/2025,7,525,9,4,2500,1472,0.10,9000
1933,INV-2025-02-11-0933,2/11/2025,4,648,11,5,1500,1036,0.10,6750
1934,INV-2024-09-07-0934,9/7/2024,6,699,7,6,400,264,0.05,2280
1935,INV-2025-01-20-0935,1/20/2025,6,615,12,3,1200,756,0.00,3600
1936,INV-2025-06-28-0936,6/28/2025,6,552,7,4,400,294,0.05,1520
1937,INV-2024-04-08-0937,4/8/2024,5,615,19,2,850,590,0.00,1700
1938,INV-2024-10-04-0938,10/4/2024,3,590,11,5,1500,872,0.10,6750
1939,INV-2024-08-28-0939,8/28/2024,3,616,4,6,1500,977,0.00,9000
1940,INV-2025-10-19-0940,10/19/2025,1,595,20,3,4500,2801,0.10,12150
1941,INV-2025-04-22-0941,4/22/2025,6,645,4,8,1500,942,0.10,10800
1942,INV-2023-03-03-0942,3/3/2023,5,521,12,5,1200,872,0.05,5700
1943,INV-2024-02-21-0943,2/21/2024,2,629,19,1,850,542,0.05,807.5
1944,INV-2024-01-30-0944,1/30/2024,8,539,10,6,1800,1042,0.00,10800
1945,INV-2023-08-26-0945,8/26/2023,7,589,3,1,600,362,0.10,540
1946,INV-2025-07-22-0946,7/22/2025,7,686,17,3,2200,1550,0.15,5610
1947,INV-2023-04-20-0947,4/20/2023,2,554,6,3,500,351,0.05,1425
1948,INV-2025-12-23-0948,12/23/2025,8,589,5,6,700,522,0.10,3780
1949,INV-2025-12-27-0949,12/27/2025,8,603,16,3,900,627,0.05,2565
1950,INV-2025-09-04-0950,9/4/2025,3,532,7,3,400,260,0.00,1200
1951,INV-2025-04-06-0951,4/6/2025,5,504,8,6,300,199,0.00,1800
1952,INV-2025-10-13-0952,10/13/2025,8,536,18,7,750,490,0.00,5250
1953,INV-2023-03-10-0953,3/10/2023,8,571,7,4,400,282,0.00,1600
1954,INV-2025-06-07-0954,6/7/2025,5,504,5,6,700,495,0.10,3780
1955,INV-2023-12-30-0955,12/30/2023,8,553,6,5,500,293,0.05,2375
1956,INV-2025-07-09-0956,7/9/2025,7,555,6,6,500,310,0.15,2550
1957,INV-2024-12-20-0957,12/20/2024,7,546,7,2,400,280,0.00,800
1958,INV-2023-09-08-0958,9/8/2023,8,609,16,3,900,520,0.10,2430
1959,INV-2025-09-25-0959,9/25/2025,8,634,3,4,600,442,0.00,2400
1960,INV-2023-08-27-0960,8/27/2023,4,671,14,7,1200,825,0.15,7140
1961,INV-2025-06-15-0961,6/15/2025,5,691,14,4,1200,783,0.10,4320
1962,INV-2024-12-03-0962,12/3/2024,7,513,14,2,1200,681,0.00,2400
1963,INV-2025-07-28-0963,7/28/2025,6,673,3,4,600,450,0.00,2400
1964,INV-2025-02-28-0964,2/28/2025,5,691,15,7,3500,2309,0.10,22050
1965,INV-2024-11-09-0965,11/9/2024,8,570,19,3,850,602,0.00,2550
1966,INV-2024-10-29-0966,10/29/2024,4,655,18,3,750,558,0.05,2137.5
1967,INV-2025-07-22-0967,7/22/2025,6,597,4,7,1500,876,0.00,10500
1968,INV-2025-05-23-0968,5/23/2025,8,672,4,6,1500,888,0.05,8550
1969,INV-2025-02-27-0969,2/27/2025,4,572,16,6,900,659,0.00,5400
1970,INV-2025-11-11-0970,11/11/2025,3,611,19,1,850,477,0.05,807.5
1971,INV-2025-07-15-0971,7/15/2025,4,687,2,4,1200,889,0.05,4560
1972,INV-2025-04-11-0972,4/11/2025,2,523,5,1,700,386,0.05,665
1973,INV-2024-12-07-0973,12/7/2024,5,636,4,2,1500,1099,0.00,3000
1974,INV-2025-08-26-0974,8/26/2025,7,535,1,8,650,438,0.05,4940
1975,INV-2024-07-08-0975,7/8/2024,1,554,6,8,500,326,0.00,4000
1976,INV-2023-01-15-0976,1/15/2023,5,697,1,8,650,441,0.15,4420
1977,INV-2025-01-21-0977,1/21/2025,5,631,16,7,900,514,0.00,6300
1978,INV-2023-06-15-0978,6/15/2023,7,662,16,8,900,624,0.00,7200
1979,INV-2025-11-16-0979,11/16/2025,3,546,12,3,1200,662,0.00,3600
1980,INV-2025-11-24-0980,11/24/2025,2,510,19,6,850,503,0.10,4590
1981,INV-2025-10-23-0981,10/23/2025,5,605,19,5,850,588,0.00,4250
1982,INV-2024-11-08-0982,11/8/2024,6,675,14,5,1200,834,0.05,5700
1983,INV-2023-08-14-0983,8/14/2023,2,685,12,3,1200,869,0.00,3600
1984,INV-2025-08-04-0984,8/4/2025,5,546,5,3,700,454,0.05,1995
1985,INV-2025-03-04-0985,3/4/2025,2,528,11,3,1500,996,0.10,4050
1986,INV-2024-09-14-0986,9/14/2024,3,648,3,7,600,380,0.10,3780
1987,INV-2025-07-13-0987,7/13/2025,5,661,8,1,300,183,0.10,270
1988,INV-2024-12-22-0988,12/22/2024,7,651,20,8,4500,2499,0.05,34200
1989,INV-2023-05-01-0989,5/1/2023,2,685,3,7,600,427,0.10,3780
1990,INV-2025-04-15-0990,4/15/2025,4,647,6,6,500,286,0.05,2850
1991,INV-2025-01-13-0991,1/13/2025,8,675,10,6,1800,1040,0.00,10800
1992,INV-2025-06-11-0992,6/11/2025,1,681,1,3,650,440,0.05,1852.5
1993,INV-2025-12-04-0993,12/4/2025,8,555,7,4,400,282,0.00,1600
1994,INV-2025-08-20-0994,8/20/2025,2,542,15,3,3500,2603,0.15,8925
1995,INV-2025-07-10-0995,7/10/2025,6,684,7,6,400,239,0.00,2400
1996,INV-2025-10-29-0996,10/29/2025,7,509,3,5,600,405,0.05,2850
1997,INV-2025-11-20-0997,11/20/2025,5,611,8,4,300,182,0.10,1080
1998,INV-2025-11-30-0998,11/30/2025,5,690,9,2,2500,1384,0.00,5000
1999,INV-2025-09-03-0999,9/3/2025,5,593,20,3,4500,2845,0.00,13500
2000,INV-2025-11-10-1000,11/10/2025,6,688,5,8,700,514,0.15,4760
2001,INV-2025-05-23-1001,5/23/2025,2,660,16,8,900,657,0.00,7200
2002,INV-2024-11-29-1002,11/29/2024,7,625,20,8,4500,2718,0.05,34200
2003,INV-2024-12-06-1003,12/6/2024,4,590,8,8,300,173,0.15,2040
2004,INV-2025-08-03-1004,8/3/2025,6,545,9,5,2500,1852,0.00,12500
2005,INV-2025-11-03-1005,11/3/2025,4,624,3,2,600,386,0.10,1080
2006,INV-2025-09-07-1006,9/7/2025,7,673,4,2,1500,842,0.10,2700
2007,INV-2023-03-06-1007,3/6/2023,6,571,16,2,900,617,0.00,1800
2008,INV-2025-04-10-1008,4/10/2025,6,563,16,3,900,623,0.05,2565
2009,INV-2024-07-11-1009,7/11/2024,2,590,15,8,3500,1999,0.10,25200
2010,INV-2024-10-10-1010,10/10/2024,8,609,19,1,850,612,0.00,850
2011,INV-2025-02-01-1011,2/1/2025,3,601,19,8,850,527,0.05,6460
2012,INV-2025-04-20-1012,4/20/2025,8,501,19,3,850,537,0.05,2422.5
2013,INV-2025-08-29-1013,8/29/2025,1,596,6,7,500,328,0.10,3150
2014,INV-2025-11-23-1014,11/23/2025,8,600,5,4,700,394,0.00,2800
2015,INV-2025-05-26-1015,5/26/2025,4,665,7,8,400,232,0.15,2720
2016,INV-2025-08-05-1016,8/5/2025,8,534,17,2,2200,1398,0.05,4180
2017,INV-2025-07-22-1017,7/22/2025,7,562,5,6,700,503,0.00,4200
2018,INV-2025-09-27-1018,9/27/2025,2,642,12,4,1200,895,0.15,4080
2019,INV-2025-02-14-1019,2/14/2025,7,501,10,4,1800,1115,0.00,7200
2020,INV-2025-06-05-1020,6/5/2025,8,616,12,7,1200,838,0.10,7560
2021,INV-2025-02-23-1021,2/23/2025,6,656,20,4,4500,2980,0.10,16200
2022,INV-2025-12-25-1022,12/25/2025,2,569,5,4,700,405,0.00,2800
2023,INV-2025-05-23-1023,5/23/2025,6,663,17,6,2200,1264,0.00,13200
2024,INV-2025-12-16-1024,12/16/2025,2,529,16,1,900,604,0.00,900
2025,INV-2025-09-16-1025,9/16/2025,2,583,15,8,3500,2214,0.00,28000
2026,INV-2024-12-28-1026,12/28/2024,8,529,7,3,400,227,0.05,1140
2027,INV-2023-10-28-1027,10/28/2023,7,590,14,5,1200,690,0.05,5700
2028,INV-2023-12-28-1028,12/28/2023,2,558,11,3,1500,826,0.10,4050
2029,INV-2025-12-10-1029,12/10/2025,6,600,20,2,4500,3251,0.10,8100
2030,INV-2024-03-03-1030,3/3/2024,7,693,16,4,900,511,0.05,3420
2031,INV-2025-11-28-1031,11/28/2025,3,568,10,7,1800,1320,0.10,11340
2032,INV-2025-12-26-1032,12/26/2025,5,504,14,8,1200,788,0.10,8640
2033,INV-2025-07-25-1033,7/25/2025,3,599,2,7,1200,805,0.00,8400
2034,INV-2024-05-30-1034,5/30/2024,2,686,8,7,300,184,0.15,1785
2035,INV-2024-11-12-1035,11/12/2024,6,669,20,5,4500,3314,0.00,22500
2036,INV-2024-02-14-1036,2/14/2024,4,572,4,2,1500,997,0.05,2850
2037,INV-2025-03-03-1037,3/3/2025,8,551,9,4,2500,1435,0.10,9000
2038,INV-2025-02-12-1038,2/12/2025,3,698,2,1,1200,865,0.00,1200
2039,INV-2023-12-11-1039,12/11/2023,4,579,12,8,1200,672,0.00,9600
2040,INV-2024-09-13-1040,9/13/2024,4,580,19,8,850,575,0.10,6120
2041,INV-2023-11-14-1041,11/14/2023,6,559,17,4,2200,1421,0.05,8360
2042,INV-2024-06-12-1042,6/12/2024,4,663,4,5,1500,941,0.10,6750
2043,INV-2024-12-28-1043,12/28/2024,4,518,7,5,400,281,0.10,1800
2044,INV-2024-12-27-1044,12/27/2024,1,639,12,7,1200,803,0.00,8400
2045,INV-2025-05-04-1045,5/4/2025,4,593,13,4,800,458,0.00,3200
2046,INV-2024-02-17-1046,2/17/2024,2,659,17,7,2200,1441,0.05,14630
2047,INV-2023-12-03-1047,12/3/2023,4,535,18,3,750,460,0.00,2250
2048,INV-2025-08-29-1048,8/29/2025,6,519,16,6,900,538,0.15,4590
2049,INV-2025-01-06-1049,1/6/2025,3,515,17,1,2200,1571,0.10,1980
2050,INV-2025-07-13-1050,7/13/2025,4,645,12,8,1200,758,0.15,8160
2051,INV-2024-05-20-1051,5/20/2024,2,641,5,2,700,509,0.05,1330
2052,INV-2024-10-11-1052,10/11/2024,4,652,3,4,600,343,0.10,2160
2053,INV-2023-07-30-1053,7/30/2023,6,589,7,4,400,276,0.05,1520
2054,INV-2025-02-18-1054,2/18/2025,1,598,3,7,600,366,0.05,3990
2055,INV-2024-10-17-1055,10/17/2024,3,554,11,2,1500,1042,0.05,2850
2056,INV-2025-09-04-1056,9/4/2025,8,555,9,4,2500,1480,0.10,9000
2057,INV-2025-04-09-1057,4/9/2025,5,641,11,8,1500,1040,0.05,11400
2058,INV-2025-10-30-1058,10/30/2025,7,591,17,1,2200,1618,0.05,2090
2059,INV-2025-10-26-1059,10/26/2025,2,545,6,4,500,315,0.05,1900
2060,INV-2025-02-27-1060,2/27/2025,7,649,1,5,650,385,0.00,3250
2061,INV-2025-05-01-1061,5/1/2025,8,608,8,3,300,167,0.00,900
2062,INV-2023-10-05-1062,10/5/2023,3,572,15,5,3500,2219,0.10,15750
2063,INV-2025-02-16-1063,2/16/2025,3,578,4,4,1500,969,0.00,6000
2064,INV-2024-10-29-1064,10/29/2024,7,548,12,4,1200,681,0.05,4560
2065,INV-2025-09-17-1065,9/17/2025,5,593,7,6,400,243,0.00,2400
2066,INV-2024-11-23-1066,11/23/2024,2,661,1,2,650,456,0.05,1235
2067,INV-2024-10-04-1067,10/4/2024,2,549,20,8,4500,2513,0.00,36000
2068,INV-2023-08-06-1068,8/6/2023,8,650,6,8,500,361,0.00,4000
2069,INV-2024-07-04-1069,7/4/2024,7,519,16,2,900,570,0.05,1710
2070,INV-2024-12-22-1070,12/22/2024,4,601,12,1,1200,681,0.00,1200
2071,INV-2025-06-16-1071,6/16/2025,5,527,4,7,1500,896,0.00,10500
2072,INV-2025-08-31-1072,8/31/2025,4,699,5,8,700,406,0.05,5320
2073,INV-2025-06-26-1073,6/26/2025,6,584,15,8,3500,2045,0.05,26600
2074,INV-2025-04-12-1074,4/12/2025,8,567,5,6,700,521,0.05,3990
2075,INV-2023-07-29-1075,7/29/2023,4,576,19,1,850,496,0.05,807.5
2076,INV-2023-09-16-1076,9/16/2023,8,529,17,8,2200,1514,0.05,16720
2077,INV-2025-12-01-1077,12/1/2025,3,698,14,7,1200,779,0.00,8400
2078,INV-2023-08-04-1078,8/4/2023,1,686,12,6,1200,862,0.05,6840
2079,INV-2024-02-19-1079,2/19/2024,3,567,9,8,2500,1632,0.10,18000
2080,INV-2024-12-27-1080,12/27/2024,2,633,7,1,400,243,0.00,400
2081,INV-2025-09-22-1081,9/22/2025,7,655,20,5,4500,2487,0.10,20250
2082,INV-2024-03-10-1082,3/10/2024,6,569,20,4,4500,2593,0.10,16200
2083,INV-2024-08-01-1083,8/1/2024,2,610,4,4,1500,1010,0.15,5100
2084,INV-2024-07-10-1084,7/10/2024,4,678,13,6,800,532,0.00,4800
2085,INV-2025-09-09-1085,9/9/2025,4,509,12,4,1200,868,0.05,4560
2086,INV-2025-12-26-1086,12/26/2025,2,570,10,6,1800,1240,0.10,9720
2087,INV-2024-02-06-1087,2/6/2024,5,615,7,3,400,292,0.10,1080
2088,INV-2025-04-18-1088,4/18/2025,6,609,1,7,650,394,0.00,4550
2089,INV-2023-07-09-1089,7/9/2023,5,662,18,1,750,446,0.10,675
2090,INV-2025-05-05-1090,5/5/2025,4,541,17,2,2200,1480,0.00,4400
2091,INV-2023-02-25-1091,2/25/2023,2,609,20,7,4500,2614,0.00,31500
2092,INV-2024-04-25-1092,4/25/2024,3,558,16,6,900,636,0.00,5400
2093,INV-2025-07-02-1093,7/2/2025,6,583,5,1,700,446,0.05,665
2094,INV-2024-10-23-1094,10/23/2024,1,564,13,3,800,524,0.05,2280
2095,INV-2024-09-10-1095,9/10/2024,8,556,18,6,750,500,0.05,4275
2096,INV-2023-04-14-1096,4/14/2023,1,683,19,3,850,594,0.00,2550
2097,INV-2025-02-14-1097,2/14/2025,5,575,1,5,650,378,0.00,3250
2098,INV-2024-04-08-1098,4/8/2024,2,554,14,8,1200,859,0.10,8640
2099,INV-2025-07-24-1099,7/24/2025,4,593,17,4,2200,1613,0.10,7920
2100,INV-2023-09-20-1100,9/20/2023,6,561,1,4,650,435,0.00,2600
2101,INV-2025-04-18-1101,4/18/2025,6,651,18,6,750,457,0.00,4500
2102,INV-2025-10-13-1102,10/13/2025,1,614,10,7,1800,1345,0.10,11340
2103,INV-2024-12-01-1103,12/1/2024,3,579,9,7,2500,1740,0.00,17500
2104,INV-2025-10-24-1104,10/24/2025,1,666,3,7,600,435,0.05,3990
2105,INV-2025-04-16-1105,4/16/2025,7,610,4,2,1500,1051,0.00,3000
2106,INV-2025-09-23-1106,9/23/2025,4,641,1,7,650,384,0.15,3867.5
2107,INV-2024-05-18-1107,5/18/2024,5,617,6,8,500,353,0.00,4000
2108,INV-2025-11-18-1108,11/18/2025,3,503,9,2,2500,1571,0.00,5000
2109,INV-2025-09-21-1109,9/21/2025,6,526,5,8,700,516,0.10,5040
2110,INV-2025-02-28-1110,2/28/2025,6,618,20,6,4500,3230,0.00,27000
2111,INV-2024-04-03-1111,4/3/2024,3,561,11,3,1500,973,0.00,4500
2112,INV-2025-02-02-1112,2/2/2025,7,620,16,7,900,588,0.00,6300
2113,INV-2025-09-08-1113,9/8/2025,5,504,5,1,700,499,0.15,595
2114,INV-2025-06-03-1114,6/3/2025,6,539,1,3,650,394,0.05,1852.5
2115,INV-2023-05-12-1115,5/12/2023,4,640,11,7,1500,1119,0.10,9450
2116,INV-2024-08-09-1116,8/9/2024,4,632,12,6,1200,823,0.15,6120
2117,INV-2025-09-26-1117,9/26/2025,6,678,6,2,500,281,0.00,1000
2118,INV-2024-09-06-1118,9/6/2024,1,685,10,3,1800,1287,0.15,4590
2119,INV-2023-09-18-1119,9/18/2023,4,531,2,2,1200,702,0.00,2400
2120,INV-2024-05-19-1120,5/19/2024,1,529,2,4,1200,753,0.05,4560
2121,INV-2024-03-10-1121,3/10/2024,2,543,12,3,1200,681,0.05,3420
2122,INV-2024-09-14-1122,9/14/2024,3,507,11,6,1500,893,0.00,9000
2123,INV-2023-09-17-1123,9/17/2023,1,626,14,6,1200,670,0.10,6480
2124,INV-2023-11-11-1124,11/11/2023,1,553,12,4,1200,822,0.05,4560
2125,INV-2023-09-29-1125,9/29/2023,8,528,14,4,1200,724,0.00,4800
2126,INV-2025-02-03-1126,2/3/2025,8,646,12,4,1200,756,0.10,4320
2127,INV-2025-09-16-1127,9/16/2025,8,587,6,8,500,298,0.15,3400
2128,INV-2024-09-06-1128,9/6/2024,5,697,16,2,900,591,0.05,1710
2129,INV-2024-10-28-1129,10/28/2024,7,690,13,6,800,498,0.05,4560
2130,INV-2024-11-12-1130,11/12/2024,2,513,7,5,400,297,0.15,1700
2131,INV-2025-09-15-1131,9/15/2025,1,681,4,2,1500,1076,0.05,2850
2132,INV-2025-05-31-1132,5/31/2025,8,657,12,2,1200,737,0.00,2400
2133,INV-2024-07-29-1133,7/29/2024,1,562,10,5,1800,1277,0.05,8550
2134,INV-2025-10-24-1134,10/24/2025,3,700,1,2,650,469,0.00,1300
2135,INV-2025-07-08-1135,7/8/2025,7,518,10,3,1800,1181,0.10,4860
2136,INV-2024-10-05-1136,10/5/2024,8,633,14,8,1200,834,0.00,9600
2137,INV-2025-12-10-1137,12/10/2025,6,605,2,2,1200,809,0.15,2040
2138,INV-2025-11-30-1138,11/30/2025,1,643,15,1,3500,2148,0.05,3325
2139,INV-2024-05-12-1139,5/12/2024,3,659,10,8,1800,1155,0.00,14400
2140,INV-2023-06-07-1140,6/7/2023,8,566,5,5,700,431,0.10,3150
2141,INV-2023-10-20-1141,10/20/2023,5,696,2,8,1200,735,0.00,9600
2142,INV-2023-02-05-1142,2/5/2023,2,685,13,1,800,464,0.05,760
2143,INV-2023-01-28-1143,1/28/2023,5,697,14,6,1200,890,0.00,7200
2144,INV-2023-12-07-1144,12/7/2023,4,571,2,6,1200,728,0.15,6120
2145,INV-2025-12-10-1145,12/10/2025,6,605,3,8,600,398,0.00,4800
2146,INV-2025-08-17-1146,8/17/2025,4,609,1,5,650,456,0.10,2925
2147,INV-2025-05-18-1147,5/18/2025,8,535,20,1,4500,2555,0.10,4050
2148,INV-2025-08-13-1148,8/13/2025,7,587,3,7,600,395,0.15,3570
2149,INV-2025-04-27-1149,4/27/2025,4,699,3,8,600,368,0.00,4800
2150,INV-2025-08-05-1150,8/5/2025,5,673,1,4,650,421,0.05,2470
2151,INV-2025-03-27-1151,3/27/2025,1,539,17,7,2200,1491,0.10,13860
2152,INV-2025-10-18-1152,10/18/2025,2,591,1,7,650,458,0.00,4550
2153,INV-2025-10-20-1153,10/20/2025,5,570,7,2,400,282,0.10,720
2154,INV-2023-11-21-1154,11/21/2023,4,521,17,2,2200,1213,0.10,3960
2155,INV-2025-08-26-1155,8/26/2025,6,548,6,3,500,330,0.15,1275
2156,INV-2024-05-21-1156,5/21/2024,1,630,20,3,4500,2934,0.15,11475
2157,INV-2025-02-25-1157,2/25/2025,7,586,8,8,300,206,0.05,2280
2158,INV-2025-10-07-1158,10/7/2025,7,695,16,3,900,630,0.00,2700
2159,INV-2023-11-29-1159,11/29/2023,5,602,19,2,850,525,0.05,1615
2160,INV-2025-05-26-1160,5/26/2025,5,639,3,5,600,347,0.00,3000
2161,INV-2024-12-11-1161,12/11/2024,8,640,18,8,750,426,0.15,5100
2162,INV-2024-04-26-1162,4/26/2024,2,513,14,8,1200,761,0.00,9600
2163,INV-2025-06-22-1163,6/22/2025,1,555,2,3,1200,722,0.10,3240
2164,INV-2024-03-12-1164,3/12/2024,4,533,1,5,650,421,0.05,3087.5
2165,INV-2025-03-03-1165,3/3/2025,5,649,5,5,700,489,0.00,3500
2166,INV-2024-09-10-1166,9/10/2024,2,553,20,3,4500,2737,0.10,12150
2167,INV-2024-05-28-1167,5/28/2024,5,670,19,3,850,634,0.10,2295
2168,INV-2024-05-03-1168,5/3/2024,1,530,17,8,2200,1620,0.10,15840
2169,INV-2025-10-26-1169,10/26/2025,4,549,2,7,1200,780,0.15,7140
2170,INV-2025-08-11-1170,8/11/2025,1,698,9,4,2500,1782,0.00,10000
2171,INV-2025-07-02-1171,7/2/2025,6,623,16,4,900,498,0.05,3420
2172,INV-2024-04-04-1172,4/4/2024,8,532,16,1,900,583,0.05,855
2173,INV-2025-10-07-1173,10/7/2025,4,692,7,7,400,237,0.10,2520
2174,INV-2023-08-05-1174,8/5/2023,5,534,8,8,300,210,0.10,2160
2175,INV-2024-12-19-1175,12/19/2024,2,612,10,8,1800,993,0.10,12960
2176,INV-2024-12-21-1176,12/21/2024,3,668,20,6,4500,2525,0.00,27000
2177,INV-2024-04-06-1177,4/6/2024,4,665,3,7,600,331,0.15,3570
2178,INV-2025-11-16-1178,11/16/2025,5,587,2,2,1200,780,0.10,2160
2179,INV-2025-07-24-1179,7/24/2025,2,509,15,6,3500,1928,0.15,17850
2180,INV-2023-10-30-1180,10/30/2023,5,585,3,1,600,445,0.15,510
2181,INV-2024-07-15-1181,7/15/2024,6,551,13,7,800,535,0.10,5040
2182,INV-2025-10-09-1182,10/9/2025,3,622,11,8,1500,869,0.15,10200
2183,INV-2025-05-14-1183,5/14/2025,6,637,11,7,1500,944,0.10,9450
2184,INV-2025-06-15-1184,6/15/2025,5,627,8,2,300,207,0.10,540
2185,INV-2023-10-14-1185,10/14/2023,7,687,7,6,400,298,0.00,2400
2186,INV-2024-08-30-1186,8/30/2024,5,637,11,1,1500,854,0.00,1500
2187,INV-2025-06-09-1187,6/9/2025,1,503,20,7,4500,3361,0.05,29925
2188,INV-2024-04-12-1188,4/12/2024,8,669,7,1,400,254,0.00,400
2189,INV-2024-01-16-1189,1/16/2024,7,553,10,8,1800,1028,0.00,14400
2190,INV-2025-04-10-1190,4/10/2025,6,696,19,3,850,557,0.15,2167.5
2191,INV-2025-08-31-1191,8/31/2025,8,641,5,7,700,435,0.15,4165
2192,INV-2023-09-05-1192,9/5/2023,8,541,11,6,1500,1028,0.00,9000
2193,INV-2023-06-13-1193,6/13/2023,3,653,3,6,600,416,0.10,3240
2194,INV-2023-08-15-1194,8/15/2023,2,543,13,3,800,486,0.15,2040
2195,INV-2025-05-13-1195,5/13/2025,3,601,7,4,400,256,0.05,1520
2196,INV-2025-08-11-1196,8/11/2025,4,636,17,1,2200,1513,0.10,1980
2197,INV-2023-07-24-1197,7/24/2023,7,543,15,2,3500,2496,0.00,7000
2198,INV-2023-12-17-1198,12/17/2023,1,640,20,2,4500,2946,0.10,8100
2199,INV-2025-08-07-1199,8/7/2025,5,691,16,6,900,588,0.15,4590
2200,INV-2025-06-20-1200,6/20/2025,8,664,8,5,300,170,0.05,1425
2201,INV-2024-04-09-1201,4/9/2024,8,535,9,4,2500,1510,0.05,9500
2202,INV-2023-09-25-1202,9/25/2023,8,693,10,3,1800,1254,0.00,5400
2203,INV-2025-05-17-1203,5/17/2025,7,573,11,2,1500,843,0.05,2850
2204,INV-2024-03-22-1204,3/22/2024,3,639,17,5,2200,1566,0.05,10450
2205,INV-2025-12-05-1205,12/5/2025,7,643,19,4,850,569,0.05,3230
2206,INV-2025-04-22-1206,4/22/2025,2,614,14,5,1200,770,0.05,5700
2207,INV-2024-07-23-1207,7/23/2024,6,543,8,8,300,198,0.05,2280
2208,INV-2024-02-21-1208,2/21/2024,2,629,5,1,700,436,0.10,630
2209,INV-2024-03-05-1209,3/5/2024,4,606,12,6,1200,895,0.00,7200
2210,INV-2025-11-16-1210,11/16/2025,7,512,7,1,400,270,0.00,400
2211,INV-2023-10-20-1211,10/20/2023,1,693,15,2,3500,2141,0.15,5950
2212,INV-2024-08-28-1212,8/28/2024,3,657,14,1,1200,865,0.10,1080
2213,INV-2025-12-23-1213,12/23/2025,2,565,7,2,400,288,0.05,760
2214,INV-2025-03-11-1214,3/11/2025,3,515,11,7,1500,953,0.00,10500
2215,INV-2024-03-20-1215,3/20/2024,3,561,9,4,2500,1628,0.00,10000
2216,INV-2025-08-07-1216,8/7/2025,7,614,19,1,850,621,0.05,807.5
2217,INV-2024-11-15-1217,11/15/2024,1,679,1,6,650,465,0.15,3315
2218,INV-2024-11-19-1218,11/19/2024,1,575,14,2,1200,798,0.10,2160
2219,INV-2025-03-13-1219,3/13/2025,6,586,11,8,1500,1000,0.00,12000
2220,INV-2025-02-09-1220,2/9/2025,4,563,5,7,700,392,0.00,4900
2221,INV-2025-12-18-1221,12/18/2025,4,580,16,5,900,588,0.05,4275
2222,INV-2025-04-14-1222,4/14/2025,3,621,10,3,1800,996,0.00,5400
2223,INV-2023-06-24-1223,6/24/2023,8,671,1,4,650,364,0.05,2470
2224,INV-2024-07-13-1224,7/13/2024,7,676,1,2,650,397,0.15,1105
2225,INV-2025-07-25-1225,7/25/2025,3,621,17,3,2200,1616,0.10,5940
2226,INV-2024-01-13-1226,1/13/2024,6,558,12,4,1200,728,0.10,4320
2227,INV-2025-10-08-1227,10/8/2025,8,583,20,8,4500,2546,0.00,36000
2228,INV-2024-04-29-1228,4/29/2024,1,697,4,1,1500,903,0.00,1500
2229,INV-2024-12-30-1229,12/30/2024,2,616,1,7,650,426,0.00,4550
2230,INV-2024-08-05-1230,8/5/2024,6,634,5,6,700,449,0.00,4200
2231,INV-2025-12-23-1231,12/23/2025,5,695,12,3,1200,784,0.05,3420
2232,INV-2024-11-19-1232,11/19/2024,2,585,12,1,1200,886,0.00,1200
2233,INV-2025-05-03-1233,5/3/2025,2,527,13,4,800,598,0.10,2880
2234,INV-2024-09-01-1234,9/1/2024,8,533,16,5,900,608,0.00,4500
2235,INV-2025-12-03-1235,12/3/2025,2,677,8,6,300,219,0.00,1800
2236,INV-2025-07-22-1236,7/22/2025,5,545,15,5,3500,2319,0.00,17500
2237,INV-2025-04-17-1237,4/17/2025,6,700,18,7,750,423,0.10,4725
2238,INV-2023-08-03-1238,8/3/2023,3,578,2,6,1200,696,0.10,6480
2239,INV-2025-05-04-1239,5/4/2025,7,649,13,6,800,504,0.05,4560
2240,INV-2025-11-03-1240,11/3/2025,2,699,1,8,650,430,0.10,4680
2241,INV-2023-07-05-1241,7/5/2023,4,675,15,6,3500,2053,0.10,18900
2242,INV-2023-02-18-1242,2/18/2023,1,553,12,5,1200,766,0.10,5400
2243,INV-2025-10-29-1243,10/29/2025,1,508,4,4,1500,890,0.00,6000
2244,INV-2024-05-15-1244,5/15/2024,2,626,4,4,1500,872,0.10,5400
2245,INV-2025-05-11-1245,5/11/2025,4,664,17,3,2200,1334,0.10,5940
2246,INV-2025-11-06-1246,11/6/2025,2,565,3,5,600,379,0.05,2850
2247,INV-2024-10-22-1247,10/22/2024,4,515,13,4,800,511,0.10,2880
2248,INV-2024-11-17-1248,11/17/2024,7,543,15,5,3500,2544,0.10,15750
2249,INV-2025-09-10-1249,9/10/2025,8,587,3,2,600,412,0.00,1200
2250,INV-2023-09-11-1250,9/11/2023,3,642,2,6,1200,746,0.00,7200
2251,INV-2024-11-23-1251,11/23/2024,2,622,17,5,2200,1248,0.10,9900
2252,INV-2023-08-03-1252,8/3/2023,6,648,15,2,3500,2487,0.00,7000
2253,INV-2025-09-03-1253,9/3/2025,3,570,10,6,1800,1016,0.15,9180
2254,INV-2025-02-03-1254,2/3/2025,1,643,12,1,1200,856,0.10,1080
2255,INV-2025-02-28-1255,2/28/2025,3,622,8,6,300,205,0.05,1710
2256,INV-2024-06-27-1256,6/27/2024,4,618,5,4,700,397,0.10,2520
2257,INV-2024-02-11-1257,2/11/2024,2,554,15,5,3500,2597,0.00,17500
2258,INV-2023-10-02-1258,10/2/2023,5,696,17,4,2200,1437,0.10,7920
2259,INV-2025-03-14-1259,3/14/2025,5,636,9,7,2500,1622,0.10,15750
2260,INV-2023-06-04-1260,6/4/2023,6,534,19,5,850,613,0.00,4250
2261,INV-2025-08-11-1261,8/11/2025,5,629,3,2,600,434,0.10,1080
2262,INV-2025-05-16-1262,5/16/2025,6,692,5,6,700,429,0.00,4200
2263,INV-2025-09-17-1263,9/17/2025,7,625,18,3,750,434,0.10,2025
2264,INV-2025-04-17-1264,4/17/2025,3,634,17,2,2200,1605,0.05,4180
2265,INV-2025-09-22-1265,9/22/2025,4,540,5,2,700,461,0.00,1400
2266,INV-2024-10-30-1266,10/30/2024,1,586,17,4,2200,1234,0.00,8800
2267,INV-2023-06-11-1267,6/11/2023,6,528,9,2,2500,1380,0.00,5000
2268,INV-2025-01-04-1268,1/4/2025,5,653,19,2,850,618,0.10,1530
2269,INV-2025-09-19-1269,9/19/2025,3,591,18,8,750,503,0.00,6000
2270,INV-2025-02-01-1270,2/1/2025,5,586,12,4,1200,735,0.05,4560
2271,INV-2023-04-17-1271,4/17/2023,8,567,6,1,500,327,0.00,500
2272,INV-2025-03-18-1272,3/18/2025,3,631,19,1,850,634,0.05,807.5
2273,INV-2025-09-05-1273,9/5/2025,3,658,8,8,300,175,0.00,2400
2274,INV-2023-02-11-1274,2/11/2023,5,513,14,7,1200,814,0.00,8400
2275,INV-2025-06-05-1275,6/5/2025,5,631,6,8,500,292,0.10,3600
2276,INV-2025-05-01-1276,5/1/2025,7,510,14,4,1200,803,0.10,4320
2277,INV-2024-03-01-1277,3/1/2024,6,512,1,8,650,460,0.15,4420
2278,INV-2023-07-30-1278,7/30/2023,4,544,11,2,1500,1121,0.10,2700
2279,INV-2023-01-29-1279,1/29/2023,8,547,6,1,500,333,0.05,475
2280,INV-2025-11-13-1280,11/13/2025,3,593,19,7,850,502,0.00,5950
2281,INV-2025-04-09-1281,4/9/2025,6,539,18,3,750,530,0.10,2025
2282,INV-2025-04-25-1282,4/25/2025,4,685,9,5,2500,1656,0.05,11875
2283,INV-2024-01-22-1283,1/22/2024,5,661,5,7,700,500,0.00,4900
2284,INV-2025-06-21-1284,6/21/2025,2,575,8,8,300,185,0.00,2400
2285,INV-2024-03-27-1285,3/27/2024,8,617,13,3,800,551,0.15,2040
2286,INV-2025-08-31-1286,8/31/2025,8,607,6,3,500,336,0.05,1425
2287,INV-2025-02-02-1287,2/2/2025,5,571,6,6,500,349,0.00,3000
2288,INV-2024-08-04-1288,8/4/2024,3,533,4,3,1500,917,0.15,3825
2289,INV-2023-06-25-1289,6/25/2023,4,697,17,4,2200,1616,0.00,8800
2290,INV-2024-05-02-1290,5/2/2024,4,571,16,2,900,609,0.05,1710
2291,INV-2025-04-02-1291,4/2/2025,3,673,19,8,850,534,0.15,5780
2292,INV-2025-06-10-1292,6/10/2025,5,546,9,4,2500,1544,0.10,9000
2293,INV-2025-07-29-1293,7/29/2025,1,693,20,7,4500,3226,0.15,26775
2294,INV-2023-12-09-1294,12/9/2023,4,506,9,2,2500,1847,0.00,5000
2295,INV-2025-05-26-1295,5/26/2025,1,631,17,8,2200,1465,0.00,17600
2296,INV-2024-09-19-1296,9/19/2024,5,680,14,5,1200,794,0.10,5400
2297,INV-2025-03-24-1297,3/24/2025,3,585,8,1,300,171,0.00,300
2298,INV-2025-09-20-1298,9/20/2025,6,515,9,1,2500,1500,0.00,2500
2299,INV-2024-11-23-1299,11/23/2024,6,671,1,7,650,485,0.00,4550
2300,INV-2025-05-13-1300,5/13/2025,2,583,2,3,1200,735,0.15,3060
2301,INV-2025-08-09-1301,8/9/2025,4,507,14,6,1200,766,0.05,6840
2302,INV-2024-04-06-1302,4/6/2024,4,685,16,7,900,508,0.05,5985
2303,INV-2025-05-08-1303,5/8/2025,1,611,16,7,900,646,0.00,6300
2304,INV-2023-08-15-1304,8/15/2023,5,577,18,3,750,480,0.15,1912.5
2305,INV-2024-12-19-1305,12/19/2024,5,592,6,8,500,283,0.00,4000
2306,INV-2025-10-05-1306,10/5/2025,8,509,1,7,650,431,0.05,4322.5
2307,INV-2023-11-11-1307,11/11/2023,7,557,9,5,2500,1383,0.00,12500
2308,INV-2024-11-24-1308,11/24/2024,1,578,12,2,1200,831,0.15,2040
2309,INV-2025-02-11-1309,2/11/2025,2,597,15,1,3500,1998,0.05,3325
2310,INV-2024-10-16-1310,10/16/2024,8,649,12,7,1200,829,0.00,8400
2311,INV-2023-12-25-1311,12/25/2023,7,621,19,8,850,623,0.00,6800
2312,INV-2024-09-27-1312,9/27/2024,5,513,14,1,1200,804,0.00,1200
2313,INV-2024-09-17-1313,9/17/2024,3,522,2,2,1200,761,0.05,2280
2314,INV-2025-05-21-1314,5/21/2025,7,671,19,1,850,574,0.00,850
2315,INV-2024-08-28-1315,8/28/2024,8,522,5,3,700,392,0.15,1785
2316,INV-2024-11-29-1316,11/29/2024,1,569,13,6,800,548,0.00,4800
2317,INV-2023-05-21-1317,5/21/2023,6,678,10,2,1800,1214,0.05,3420
2318,INV-2023-07-04-1318,7/4/2023,1,641,6,7,500,352,0.10,3150
2319,INV-2024-04-22-1319,4/22/2024,6,550,14,3,1200,879,0.00,3600
2320,INV-2024-02-03-1320,2/3/2024,4,630,11,7,1500,1045,0.00,10500
2321,INV-2024-11-03-1321,11/3/2024,5,649,14,4,1200,788,0.05,4560
2322,INV-2025-07-04-1322,7/4/2025,3,646,2,8,1200,897,0.10,8640
2323,INV-2024-04-05-1323,4/5/2024,6,579,13,8,800,443,0.00,6400
2324,INV-2023-11-09-1324,11/9/2023,2,613,15,2,3500,2615,0.10,6300
2325,INV-2024-09-21-1325,9/21/2024,4,529,14,5,1200,774,0.05,5700
2326,INV-2025-03-22-1326,3/22/2025,7,523,3,7,600,414,0.05,3990
2327,INV-2025-04-27-1327,4/27/2025,8,679,11,6,1500,1030,0.05,8550
2328,INV-2024-06-27-1328,6/27/2024,3,635,4,3,1500,857,0.10,4050
2329,INV-2024-05-23-1329,5/23/2024,3,541,2,8,1200,694,0.05,9120
2330,INV-2025-01-25-1330,1/25/2025,1,506,10,1,1800,1062,0.00,1800
2331,INV-2023-06-23-1331,6/23/2023,8,651,1,4,650,384,0.10,2340
2332,INV-2024-08-27-1332,8/27/2024,5,608,6,8,500,319,0.05,3800
2333,INV-2024-05-05-1333,5/5/2024,8,511,15,7,3500,2471,0.00,24500
2334,INV-2023-10-16-1334,10/16/2023,1,609,3,1,600,411,0.00,600
2335,INV-2024-08-30-1335,8/30/2024,3,529,8,7,300,212,0.00,2100
2336,INV-2025-10-04-1336,10/4/2025,5,509,16,8,900,639,0.05,6840
2337,INV-2025-10-03-1337,10/3/2025,7,644,8,5,300,207,0.05,1425
2338,INV-2024-12-14-1338,12/14/2024,5,551,1,1,650,487,0.10,585
2339,INV-2025-07-22-1339,7/22/2025,6,632,4,7,1500,1106,0.10,9450
2340,INV-2025-01-12-1340,1/12/2025,1,564,4,2,1500,1027,0.10,2700
2341,INV-2024-07-21-1341,7/21/2024,4,658,3,1,600,340,0.15,510
2342,INV-2025-06-21-1342,6/21/2025,2,535,9,3,2500,1405,0.00,7500
2343,INV-2023-08-22-1343,8/22/2023,8,667,1,4,650,468,0.10,2340
2344,INV-2025-11-12-1344,11/12/2025,5,521,5,7,700,403,0.10,4410
2345,INV-2025-02-10-1345,2/10/2025,7,561,5,4,700,501,0.15,2380
2346,INV-2023-08-13-1346,8/13/2023,7,653,7,5,400,243,0.00,2000
2347,INV-2025-07-21-1347,7/21/2025,2,523,5,2,700,397,0.10,1260
2348,INV-2024-04-11-1348,4/11/2024,4,544,10,7,1800,1042,0.15,10710
2349,INV-2024-11-20-1349,11/20/2024,4,606,2,4,1200,684,0.00,4800
2350,INV-2024-06-22-1350,6/22/2024,6,551,16,3,900,675,0.00,2700
2351,INV-2025-05-03-1351,5/3/2025,3,584,6,6,500,357,0.10,2700
2352,INV-2024-04-15-1352,4/15/2024,7,686,20,5,4500,2982,0.10,20250
2353,INV-2025-06-25-1353,6/25/2025,2,543,19,1,850,627,0.05,807.5
2354,INV-2025-11-10-1354,11/10/2025,1,567,20,3,4500,2920,0.10,12150
2355,INV-2025-05-15-1355,5/15/2025,8,594,4,5,1500,1115,0.00,7500
2356,INV-2025-05-27-1356,5/27/2025,2,503,19,4,850,618,0.00,3400
2357,INV-2025-11-25-1357,11/25/2025,4,560,19,3,850,631,0.05,2422.5
2358,INV-2024-09-28-1358,9/28/2024,8,608,15,5,3500,2292,0.00,17500
2359,INV-2024-11-11-1359,11/11/2024,1,530,20,2,4500,2674,0.10,8100
2360,INV-2023-10-03-1360,10/3/2023,3,557,7,6,400,250,0.05,2280
2361,INV-2025-11-20-1361,11/20/2025,8,684,8,1,300,223,0.00,300
2362,INV-2023-12-01-1362,12/1/2023,3,511,8,6,300,181,0.05,1710
2363,INV-2024-11-14-1363,11/14/2024,8,594,20,1,4500,2851,0.00,4500
2364,INV-2025-08-17-1364,8/17/2025,4,632,12,6,1200,789,0.00,7200
2365,INV-2025-07-06-1365,7/6/2025,1,545,5,2,700,406,0.10,1260
2366,INV-2024-02-14-1366,2/14/2024,7,554,19,8,850,627,0.05,6460
2367,INV-2025-09-24-1367,9/24/2025,5,536,8,6,300,173,0.00,1800
2368,INV-2023-07-29-1368,7/29/2023,7,531,4,8,1500,901,0.00,12000
2369,INV-2024-11-01-1369,11/1/2024,5,616,15,1,3500,2051,0.00,3500
2370,INV-2024-11-28-1370,11/28/2024,6,601,8,7,300,187,0.00,2100
2371,INV-2023-06-29-1371,6/29/2023,3,513,7,1,400,233,0.10,360
2372,INV-2025-09-28-1372,9/28/2025,8,536,19,1,850,590,0.00,850
2373,INV-2025-01-17-1373,1/17/2025,7,528,10,4,1800,1186,0.10,6480
2374,INV-2025-04-03-1374,4/3/2025,2,655,8,7,300,194,0.00,2100
2375,INV-2024-10-20-1375,10/20/2024,6,549,10,6,1800,1074,0.00,10800
2376,INV-2025-01-14-1376,1/14/2025,4,592,20,4,4500,2650,0.00,18000
2377,INV-2025-06-14-1377,6/14/2025,7,556,2,2,1200,769,0.10,2160
2378,INV-2025-06-15-1378,6/15/2025,3,611,1,6,650,449,0.10,3510
2379,INV-2024-11-17-1379,11/17/2024,1,510,1,5,650,445,0.15,2762.5
2380,INV-2025-02-06-1380,2/6/2025,2,575,20,3,4500,2601,0.15,11475
2381,INV-2025-12-25-1381,12/25/2025,6,607,16,3,900,637,0.00,2700
2382,INV-2025-05-14-1382,5/14/2025,1,657,3,1,600,358,0.00,600
2383,INV-2025-10-08-1383,10/8/2025,5,593,10,5,1800,1095,0.00,9000
2384,INV-2025-09-04-1384,9/4/2025,8,622,15,1,3500,2142,0.00,3500
2385,INV-2024-10-05-1385,10/5/2024,7,524,18,3,750,520,0.00,2250
2386,INV-2025-04-22-1386,4/22/2025,5,615,3,7,600,386,0.10,3780
2387,INV-2025-11-10-1387,11/10/2025,5,509,8,8,300,187,0.10,2160
2388,INV-2024-09-16-1388,9/16/2024,5,551,10,7,1800,1093,0.10,11340
2389,INV-2024-08-03-1389,8/3/2024,3,679,14,8,1200,892,0.10,8640
2390,INV-2024-10-02-1390,10/2/2024,1,633,3,7,600,385,0.00,4200
2391,INV-2025-11-09-1391,11/9/2025,7,543,13,8,800,482,0.00,6400
2392,INV-2025-06-02-1392,6/2/2025,4,536,4,7,1500,1108,0.10,9450
2393,INV-2025-06-06-1393,6/6/2025,4,594,7,4,400,285,0.00,1600
2394,INV-2023-07-01-1394,7/1/2023,3,662,5,6,700,389,0.10,3780
2395,INV-2023-08-19-1395,8/19/2023,1,638,1,4,650,417,0.00,2600
2396,INV-2025-01-09-1396,1/9/2025,4,528,2,3,1200,660,0.05,3420
2397,INV-2024-10-04-1397,10/4/2024,8,531,7,5,400,247,0.10,1800
2398,INV-2023-02-09-1398,2/9/2023,7,502,5,4,700,510,0.05,2660
2399,INV-2025-11-29-1399,11/29/2025,7,595,6,7,500,303,0.10,3150
2400,INV-2025-02-04-1400,2/4/2025,3,653,9,7,2500,1565,0.00,17500
2401,INV-2024-06-12-1401,6/12/2024,3,504,17,8,2200,1348,0.00,17600
2402,INV-2024-12-04-1402,12/4/2024,8,647,9,6,2500,1752,0.10,13500
2403,INV-2023-06-07-1403,6/7/2023,8,550,11,1,1500,1061,0.00,1500
2404,INV-2024-11-22-1404,11/22/2024,4,604,20,4,4500,2912,0.15,15300
2405,INV-2025-12-11-1405,12/11/2025,7,587,6,2,500,289,0.05,950
2406,INV-2024-12-27-1406,12/27/2024,5,642,8,4,300,203,0.05,1140
2407,INV-2025-05-26-1407,5/26/2025,3,593,9,6,2500,1627,0.05,14250
2408,INV-2025-02-07-1408,2/7/2025,5,646,5,3,700,464,0.05,1995
2409,INV-2025-07-27-1409,7/27/2025,1,522,20,6,4500,2948,0.15,22950
2410,INV-2024-01-25-1410,1/25/2024,5,564,7,8,400,275,0.00,3200
2411,INV-2025-04-03-1411,4/3/2025,7,601,12,3,1200,814,0.00,3600
2412,INV-2025-05-13-1412,5/13/2025,4,678,16,1,900,590,0.10,810
2413,INV-2023-02-03-1413,2/3/2023,5,640,10,7,1800,1258,0.10,11340
2414,INV-2025-03-21-1414,3/21/2025,8,524,13,3,800,534,0.00,2400
2415,INV-2024-06-23-1415,6/23/2024,8,544,19,6,850,517,0.00,5100
2416,INV-2025-09-09-1416,9/9/2025,1,692,16,8,900,546,0.15,6120
2417,INV-2023-07-26-1417,7/26/2023,3,539,6,3,500,301,0.05,1425
2418,INV-2025-04-04-1418,4/4/2025,7,534,19,1,850,542,0.15,722.5
2419,INV-2024-01-29-1419,1/29/2024,5,571,17,6,2200,1235,0.10,11880
2420,INV-2025-04-28-1420,4/28/2025,1,609,1,4,650,463,0.00,2600
2421,INV-2023-01-24-1421,1/24/2023,2,609,19,1,850,580,0.05,807.5
2422,INV-2025-10-09-1422,10/9/2025,2,591,19,6,850,605,0.00,5100
2423,INV-2025-05-20-1423,5/20/2025,6,625,2,4,1200,898,0.00,4800
2424,INV-2024-09-03-1424,9/3/2024,2,570,5,4,700,423,0.00,2800
2425,INV-2025-10-27-1425,10/27/2025,6,627,12,7,1200,675,0.10,7560
2426,INV-2025-10-31-1426,10/31/2025,7,545,19,2,850,594,0.15,1445
2427,INV-2025-11-24-1427,11/24/2025,4,554,16,7,900,660,0.00,6300
2428,INV-2025-05-23-1428,5/23/2025,3,611,13,2,800,542,0.00,1600
2429,INV-2025-11-15-1429,11/15/2025,3,566,15,6,3500,2453,0.00,21000
2430,INV-2024-10-23-1430,10/23/2024,5,672,4,7,1500,929,0.00,10500
2431,INV-2023-04-19-1431,4/19/2023,8,543,15,6,3500,2586,0.10,18900
2432,INV-2024-08-28-1432,8/28/2024,6,576,11,3,1500,1118,0.10,4050
2433,INV-2023-09-02-1433,9/2/2023,5,661,1,7,650,384,0.00,4550
2434,INV-2025-01-02-1434,1/2/2025,7,527,17,4,2200,1314,0.00,8800
2435,INV-2025-07-24-1435,7/24/2025,8,639,5,3,700,521,0.00,2100
2436,INV-2025-11-11-1436,11/11/2025,5,509,1,2,650,476,0.10,1170
2437,INV-2025-06-02-1437,6/2/2025,7,642,3,7,600,424,0.00,4200
2438,INV-2025-09-18-1438,9/18/2025,5,692,8,3,300,196,0.00,900
2439,INV-2025-08-10-1439,8/10/2025,2,600,8,2,300,211,0.00,600
2440,INV-2023-12-24-1440,12/24/2023,6,537,13,7,800,510,0.10,5040
2441,INV-2024-02-14-1441,2/14/2024,7,574,9,2,2500,1833,0.00,5000
2442,INV-2025-09-23-1442,9/23/2025,7,655,17,4,2200,1315,0.00,8800
2443,INV-2024-09-03-1443,9/3/2024,8,554,11,1,1500,1077,0.15,1275
2444,INV-2024-07-28-1444,7/28/2024,1,526,1,4,650,423,0.00,2600
2445,INV-2025-10-02-1445,10/2/2025,5,540,4,4,1500,857,0.05,5700
2446,INV-2025-09-05-1446,9/5/2025,8,681,9,7,2500,1446,0.00,17500
2447,INV-2024-04-01-1447,4/1/2024,4,593,13,6,800,517,0.00,4800
2448,INV-2025-12-07-1448,12/7/2025,4,608,17,8,2200,1400,0.00,17600
2449,INV-2023-07-31-1449,7/31/2023,7,662,11,6,1500,896,0.10,8100
2450,INV-2025-03-21-1450,3/21/2025,1,692,12,3,1200,736,0.10,3240
2451,INV-2025-11-11-1451,11/11/2025,7,599,8,3,300,202,0.00,900
2452,INV-2024-06-28-1452,6/28/2024,1,644,17,4,2200,1499,0.10,7920
2453,INV-2023-08-02-1453,8/2/2023,1,537,9,8,2500,1657,0.00,20000
2454,INV-2025-11-30-1454,11/30/2025,4,675,1,1,650,416,0.00,650
2455,INV-2025-09-08-1455,9/8/2025,8,541,16,6,900,614,0.05,5130
2456,INV-2025-03-07-1456,3/7/2025,7,570,14,3,1200,711,0.00,3600
2457,INV-2024-08-22-1457,8/22/2024,7,697,2,7,1200,733,0.15,7140
2458,INV-2023-05-11-1458,5/11/2023,4,550,3,4,600,388,0.00,2400
2459,INV-2025-12-11-1459,12/11/2025,3,560,17,5,2200,1265,0.10,9900
2460,INV-2025-12-09-1460,12/9/2025,6,611,16,6,900,517,0.05,5130
2461,INV-2024-08-20-1461,8/20/2024,8,638,12,5,1200,818,0.10,5400
2462,INV-2025-05-17-1462,5/17/2025,8,615,9,6,2500,1529,0.00,15000
2463,INV-2024-05-24-1463,5/24/2024,3,554,18,3,750,508,0.10,2025
2464,INV-2023-04-26-1464,4/26/2023,6,557,17,6,2200,1438,0.05,12540
2465,INV-2023-10-22-1465,10/22/2023,8,671,16,7,900,575,0.05,5985
2466,INV-2023-04-01-1466,4/1/2023,6,685,8,1,300,173,0.10,270
2467,INV-2025-06-11-1467,6/11/2025,8,542,20,4,4500,2956,0.10,16200
2468,INV-2024-06-24-1468,6/24/2024,8,689,9,2,2500,1427,0.15,4250
2469,INV-2024-11-17-1469,11/17/2024,3,669,20,4,4500,2486,0.10,16200
2470,INV-2025-08-18-1470,8/18/2025,7,510,15,1,3500,2228,0.00,3500
2471,INV-2024-03-02-1471,3/2/2024,8,590,5,8,700,466,0.00,5600
2472,INV-2025-01-07-1472,1/7/2025,7,647,12,4,1200,737,0.00,4800
2473,INV-2025-11-22-1473,11/22/2025,5,530,19,4,850,554,0.00,3400
2474,INV-2023-07-09-1474,7/9/2023,2,650,14,2,1200,865,0.05,2280
2475,INV-2025-04-02-1475,4/2/2025,3,544,14,3,1200,693,0.05,3420
2476,INV-2025-12-08-1476,12/8/2025,1,523,2,3,1200,846,0.00,3600
2477,INV-2024-10-01-1477,10/1/2024,4,575,5,3,700,435,0.05,1995
2478,INV-2024-09-14-1478,9/14/2024,7,699,5,1,700,461,0.00,700
2479,INV-2024-06-05-1479,6/5/2024,6,634,18,1,750,532,0.05,712.5
2480,INV-2025-11-01-1480,11/1/2025,2,527,7,6,400,222,0.00,2400
2481,INV-2025-07-27-1481,7/27/2025,5,587,14,4,1200,785,0.10,4320
2482,INV-2023-02-10-1482,2/10/2023,6,602,11,5,1500,1038,0.10,6750
2483,INV-2024-12-07-1483,12/7/2024,1,582,11,8,1500,915,0.00,12000
2484,INV-2023-08-13-1484,8/13/2023,6,691,16,1,900,549,0.10,810
2485,INV-2025-12-13-1485,12/13/2025,2,572,19,8,850,468,0.05,6460
2486,INV-2025-10-26-1486,10/26/2025,2,636,11,4,1500,987,0.05,5700
2487,INV-2025-09-19-1487,9/19/2025,7,512,11,6,1500,926,0.05,8550
2488,INV-2025-12-17-1488,12/17/2025,2,536,2,5,1200,830,0.05,5700
2489,INV-2025-11-21-1489,11/21/2025,2,599,6,7,500,315,0.00,3500
2490,INV-2025-12-21-1490,12/21/2025,8,684,10,5,1800,1039,0.10,8100
2491,INV-2025-09-01-1491,9/1/2025,5,575,13,7,800,444,0.10,5040
2492,INV-2025-10-22-1492,10/22/2025,1,587,12,4,1200,672,0.05,4560
2493,INV-2025-06-11-1493,6/11/2025,6,610,19,4,850,564,0.10,3060
2494,INV-2024-11-02-1494,11/2/2024,3,621,17,8,2200,1218,0.00,17600
2495,INV-2025-04-17-1495,4/17/2025,1,551,7,1,400,257,0.00,400
2496,INV-2025-04-05-1496,4/5/2025,7,578,2,2,1200,813,0.05,2280
2497,INV-2024-11-18-1497,11/18/2024,7,505,17,3,2200,1630,0.15,5610
2498,INV-2025-12-06-1498,12/6/2025,5,694,18,6,750,489,0.10,4050
2499,INV-2025-09-26-1499,9/26/2025,2,551,9,1,2500,1629,0.15,2125
2500,INV-2025-06-09-1500,6/9/2025,1,651,20,1,4500,2850,0.10,4050
2501,INV-2025-12-15-1501,12/15/2025,7,568,2,6,1200,677,0.00,7200
2502,INV-2025-11-14-1502,11/14/2025,1,501,3,2,600,441,0.05,1140
2503,INV-2025-04-29-1503,4/29/2025,1,538,8,7,300,175,0.10,1890
2504,INV-2024-12-31-1504,12/31/2024,2,612,4,6,1500,938,0.05,8550
2505,INV-2024-11-27-1505,11/27/2024,3,674,6,4,500,366,0.05,1900
2506,INV-2023-10-01-1506,10/1/2023,1,579,13,7,800,567,0.05,5320
2507,INV-2023-07-16-1507,7/16/2023,7,667,2,7,1200,694,0.00,8400
2508,INV-2023-08-22-1508,8/22/2023,1,567,15,4,3500,2171,0.00,14000
2509,INV-2024-05-24-1509,5/24/2024,1,637,15,8,3500,2160,0.05,26600
2510,INV-2025-06-15-1510,6/15/2025,1,564,10,6,1800,1086,0.00,10800
2511,INV-2025-09-25-1511,9/25/2025,3,659,17,2,2200,1468,0.10,3960
2512,INV-2025-08-25-1512,8/25/2025,5,533,12,5,1200,855,0.10,5400
2513,INV-2025-04-29-1513,4/29/2025,5,664,18,1,750,486,0.10,675
2514,INV-2024-02-25-1514,2/25/2024,2,672,15,7,3500,2048,0.00,24500
2515,INV-2024-11-06-1515,11/6/2024,2,618,16,4,900,542,0.05,3420
2516,INV-2024-10-30-1516,10/30/2024,2,622,18,4,750,515,0.05,2850
2517,INV-2025-01-07-1517,1/7/2025,8,655,12,4,1200,673,0.05,4560
2518,INV-2025-11-11-1518,11/11/2025,8,523,2,8,1200,767,0.05,9120
2519,INV-2024-07-02-1519,7/2/2024,4,514,11,4,1500,831,0.10,5400
2520,INV-2025-05-01-1520,5/1/2025,4,695,18,5,750,482,0.05,3562.5
2521,INV-2025-06-01-1521,6/1/2025,8,556,10,5,1800,1034,0.10,8100
2522,INV-2025-10-15-1522,10/15/2025,8,682,5,3,700,515,0.00,2100
2523,INV-2024-05-01-1523,5/1/2024,1,693,6,4,500,321,0.05,1900
2524,INV-2025-02-20-1524,2/20/2025,3,510,14,7,1200,812,0.00,8400
2525,INV-2024-10-31-1525,10/31/2024,2,665,6,8,500,360,0.05,3800
2526,INV-2024-09-30-1526,9/30/2024,4,608,13,6,800,592,0.05,4560
2527,INV-2025-06-02-1527,6/2/2025,7,560,8,7,300,203,0.10,1890
2528,INV-2025-03-18-1528,3/18/2025,7,594,7,5,400,265,0.05,1900
2529,INV-2023-07-01-1529,7/1/2023,4,656,10,4,1800,1171,0.00,7200
2530,INV-2024-10-08-1530,10/8/2024,2,511,4,1,1500,1096,0.00,1500
2531,INV-2024-04-11-1531,4/11/2024,8,676,4,8,1500,1036,0.10,10800
2532,INV-2024-01-20-1532,1/20/2024,6,529,3,6,600,434,0.00,3600
2533,INV-2024-01-09-1533,1/9/2024,4,653,16,1,900,620,0.05,855
2534,INV-2023-10-12-1534,10/12/2023,1,638,17,8,2200,1609,0.00,17600
2535,INV-2025-12-24-1535,12/24/2025,1,652,20,5,4500,3248,0.00,22500
2536,INV-2024-01-21-1536,1/21/2024,4,528,3,4,600,364,0.10,2160
2537,INV-2025-05-02-1537,5/2/2025,4,690,3,8,600,412,0.00,4800
2538,INV-2025-06-17-1538,6/17/2025,2,565,9,1,2500,1634,0.05,2375
2539,INV-2023-05-01-1539,5/1/2023,6,650,20,3,4500,2979,0.05,12825
2540,INV-2024-10-28-1540,10/28/2024,6,687,4,1,1500,1068,0.10,1350
2541,INV-2025-07-24-1541,7/24/2025,6,558,10,3,1800,1167,0.00,5400
2542,INV-2024-10-02-1542,10/2/2024,6,690,20,5,4500,3137,0.10,20250
2543,INV-2025-01-09-1543,1/9/2025,3,548,20,6,4500,3061,0.00,27000
2544,INV-2024-11-01-1544,11/1/2024,2,696,6,4,500,278,0.10,1800
2545,INV-2023-07-18-1545,7/18/2023,6,559,6,6,500,323,0.05,2850
2546,INV-2024-12-27-1546,12/27/2024,2,575,7,2,400,258,0.05,760
2547,INV-2024-03-09-1547,3/9/2024,2,512,18,1,750,543,0.00,750
2548,INV-2025-12-28-1548,12/28/2025,7,540,20,6,4500,2526,0.15,22950
2549,INV-2025-03-03-1549,3/3/2025,7,674,10,2,1800,1154,0.05,3420
2550,INV-2025-06-08-1550,6/8/2025,1,643,10,7,1800,1034,0.00,12600
2551,INV-2023-06-14-1551,6/14/2023,8,640,2,3,1200,824,0.00,3600
2552,INV-2024-10-21-1552,10/21/2024,3,684,6,7,500,356,0.00,3500
2553,INV-2024-03-07-1553,3/7/2024,6,590,12,5,1200,683,0.00,6000
2554,INV-2025-02-08-1554,2/8/2025,6,641,20,6,4500,2943,0.00,27000
2555,INV-2023-05-09-1555,5/9/2023,2,641,8,5,300,179,0.00,1500
2556,INV-2024-10-02-1556,10/2/2024,4,614,11,5,1500,921,0.00,7500
2557,INV-2025-04-12-1557,4/12/2025,5,516,9,7,2500,1680,0.10,15750
2558,INV-2024-04-11-1558,4/11/2024,6,589,5,6,700,399,0.00,4200
2559,INV-2023-04-02-1559,4/2/2023,1,539,13,7,800,510,0.05,5320
2560,INV-2024-03-15-1560,3/15/2024,6,574,13,5,800,478,0.15,3400
2561,INV-2024-05-22-1561,5/22/2024,3,538,19,7,850,606,0.10,5355
2562,INV-2025-07-26-1562,7/26/2025,1,673,12,1,1200,841,0.05,1140
2563,INV-2024-04-21-1563,4/21/2024,5,579,14,3,1200,818,0.10,3240
2564,INV-2024-02-14-1564,2/14/2024,3,668,18,5,750,445,0.05,3562.5
2565,INV-2025-10-14-1565,10/14/2025,6,550,11,4,1500,869,0.05,5700
2566,INV-2025-08-31-1566,8/31/2025,7,544,18,8,750,464,0.10,5400
2567,INV-2024-05-30-1567,5/30/2024,4,598,6,2,500,292,0.05,950
2568,INV-2025-09-28-1568,9/28/2025,8,646,16,1,900,578,0.00,900
2569,INV-2023-08-07-1569,8/7/2023,5,577,2,7,1200,741,0.15,7140
2570,INV-2025-03-08-1570,3/8/2025,8,611,4,4,1500,858,0.05,5700
2571,INV-2023-01-09-1571,1/9/2023,4,685,15,6,3500,2456,0.00,21000
2572,INV-2025-10-30-1572,10/30/2025,4,584,14,4,1200,846,0.10,4320
2573,INV-2024-09-04-1573,9/4/2024,6,686,2,5,1200,883,0.05,5700
2574,INV-2025-01-13-1574,1/13/2025,7,695,19,7,850,569,0.00,5950
2575,INV-2025-03-12-1575,3/12/2025,2,601,7,5,400,224,0.00,2000
2576,INV-2025-09-29-1576,9/29/2025,4,514,8,4,300,178,0.10,1080
2577,INV-2023-11-13-1577,11/13/2023,4,602,10,6,1800,1072,0.15,9180
2578,INV-2023-04-13-1578,4/13/2023,1,579,5,4,700,483,0.15,2380
2579,INV-2025-10-31-1579,10/31/2025,6,566,18,4,750,453,0.00,3000
2580,INV-2024-05-16-1580,5/16/2024,6,521,1,4,650,480,0.00,2600
2581,INV-2024-06-11-1581,6/11/2024,4,653,13,5,800,587,0.00,4000
2582,INV-2025-06-25-1582,6/25/2025,5,586,20,1,4500,3180,0.05,4275
2583,INV-2023-10-07-1583,10/7/2023,8,528,19,6,850,634,0.10,4590
2584,INV-2025-03-28-1584,3/28/2025,2,627,10,8,1800,1186,0.15,12240
2585,INV-2025-09-23-1585,9/23/2025,7,623,8,6,300,211,0.10,1620
2586,INV-2025-08-30-1586,8/30/2025,3,626,14,1,1200,677,0.10,1080
2587,INV-2025-04-12-1587,4/12/2025,1,672,5,7,700,470,0.00,4900
2588,INV-2025-04-14-1588,4/14/2025,7,596,16,7,900,601,0.00,6300
2589,INV-2025-11-09-1589,11/9/2025,7,591,1,6,650,368,0.00,3900
2590,INV-2025-08-07-1590,8/7/2025,5,586,8,2,300,169,0.00,600
2591,INV-2025-02-12-1591,2/12/2025,1,574,13,3,800,516,0.00,2400
2592,INV-2024-04-18-1592,4/18/2024,3,660,11,1,1500,930,0.10,1350
2593,INV-2025-12-28-1593,12/28/2025,8,600,4,3,1500,956,0.05,4275
2594,INV-2025-04-07-1594,4/7/2025,8,512,12,5,1200,749,0.00,6000
2595,INV-2025-10-26-1595,10/26/2025,4,602,4,2,1500,855,0.10,2700
2596,INV-2025-07-01-1596,7/1/2025,3,695,4,3,1500,997,0.00,4500
2597,INV-2024-10-18-1597,10/18/2024,5,640,7,6,400,267,0.00,2400
2598,INV-2025-09-27-1598,9/27/2025,6,588,15,7,3500,2187,0.05,23275
2599,INV-2024-06-29-1599,6/29/2024,7,627,14,4,1200,849,0.00,4800
2600,INV-2025-09-29-1600,9/29/2025,4,587,1,1,650,463,0.05,617.5
2601,INV-2025-12-17-1601,12/17/2025,3,684,2,7,1200,830,0.05,7980
2602,INV-2025-06-18-1602,6/18/2025,7,607,13,5,800,515,0.10,3600
2603,INV-2025-05-21-1603,5/21/2025,3,509,3,4,600,421,0.00,2400
2604,INV-2025-02-27-1604,2/27/2025,2,698,15,8,3500,2254,0.05,26600
2605,INV-2023-10-24-1605,10/24/2023,3,670,11,1,1500,1038,0.05,1425
2606,INV-2024-04-05-1606,4/5/2024,7,641,5,1,700,515,0.05,665
2607,INV-2023-07-19-1607,7/19/2023,6,534,1,8,650,438,0.05,4940
2608,INV-2024-11-27-1608,11/27/2024,2,525,10,6,1800,1076,0.05,10260
2609,INV-2024-10-06-1609,10/6/2024,5,529,9,8,2500,1865,0.00,20000
2610,INV-2025-12-25-1610,12/25/2025,1,624,17,5,2200,1512,0.15,9350
2611,INV-2025-08-10-1611,8/10/2025,1,664,20,7,4500,3031,0.00,31500
2612,INV-2024-03-03-1612,3/3/2024,3,548,6,7,500,349,0.00,3500
2613,INV-2024-12-10-1613,12/10/2024,5,697,3,5,600,342,0.10,2700
2614,INV-2025-12-20-1614,12/20/2025,1,636,2,3,1200,776,0.10,3240
2615,INV-2025-09-21-1615,9/21/2025,1,545,12,2,1200,843,0.05,2280
2616,INV-2025-10-06-1616,10/6/2025,6,659,4,1,1500,993,0.10,1350
2617,INV-2025-05-30-1617,5/30/2025,5,562,6,6,500,304,0.10,2700
2618,INV-2025-12-17-1618,12/17/2025,3,619,18,8,750,554,0.10,5400
2619,INV-2024-09-13-1619,9/13/2024,8,505,10,8,1800,1081,0.00,14400
2620,INV-2023-04-12-1620,4/12/2023,3,663,8,4,300,167,0.00,1200
2621,INV-2024-10-29-1621,10/29/2024,2,681,14,3,1200,787,0.05,3420
2622,INV-2024-09-08-1622,9/8/2024,2,602,2,3,1200,820,0.05,3420
2623,INV-2025-09-29-1623,9/29/2025,8,540,12,5,1200,841,0.05,5700
2624,INV-2025-04-26-1624,4/26/2025,5,643,15,3,3500,2606,0.00,10500
2625,INV-2025-05-31-1625,5/31/2025,2,694,9,7,2500,1661,0.10,15750
2626,INV-2023-06-27-1626,6/27/2023,5,592,12,2,1200,876,0.00,2400
2627,INV-2025-08-25-1627,8/25/2025,1,654,2,4,1200,709,0.05,4560
2628,INV-2025-05-08-1628,5/8/2025,1,554,17,8,2200,1617,0.10,15840
2629,INV-2025-11-06-1629,11/6/2025,5,600,13,2,800,442,0.00,1600
2630,INV-2025-10-04-1630,10/4/2025,1,545,7,1,400,263,0.10,360
2631,INV-2024-08-12-1631,8/12/2024,6,614,10,1,1800,1019,0.15,1530
2632,INV-2025-05-12-1632,5/12/2025,1,527,16,3,900,515,0.15,2295
2633,INV-2024-10-12-1633,10/12/2024,6,570,15,1,3500,2535,0.00,3500
2634,INV-2025-06-03-1634,6/3/2025,6,611,1,2,650,390,0.00,1300
2635,INV-2025-01-28-1635,1/28/2025,4,691,4,6,1500,1098,0.15,7650
2636,INV-2024-04-21-1636,4/21/2024,2,677,6,6,500,348,0.00,3000
2637,INV-2024-09-29-1637,9/29/2024,5,564,8,4,300,225,0.00,1200
2638,INV-2024-07-26-1638,7/26/2024,6,610,2,8,1200,782,0.15,8160
2639,INV-2024-09-07-1639,9/7/2024,4,655,5,6,700,447,0.10,3780
2640,INV-2023-10-13-1640,10/13/2023,4,674,5,3,700,394,0.00,2100
2641,INV-2025-03-18-1641,3/18/2025,2,525,17,8,2200,1530,0.10,15840
2642,INV-2023-04-07-1642,4/7/2023,2,592,7,1,400,287,0.15,340
2643,INV-2025-03-24-1643,3/24/2025,6,525,10,7,1800,1171,0.10,11340
2644,INV-2025-05-23-1644,5/23/2025,5,546,12,3,1200,821,0.05,3420
2645,INV-2024-12-07-1645,12/7/2024,4,615,14,4,1200,809,0.10,4320
2646,INV-2025-12-26-1646,12/26/2025,5,612,20,1,4500,2702,0.00,4500
2647,INV-2025-11-20-1647,11/20/2025,6,565,20,8,4500,2519,0.10,32400
2648,INV-2025-02-03-1648,2/3/2025,4,578,7,5,400,275,0.10,1800
2649,INV-2025-07-14-1649,7/14/2025,2,570,8,1,300,214,0.10,270
2650,INV-2024-07-14-1650,7/14/2024,3,682,11,2,1500,979,0.15,2550
2651,INV-2025-02-12-1651,2/12/2025,6,530,14,6,1200,871,0.05,6840
2652,INV-2025-05-30-1652,5/30/2025,5,584,2,7,1200,758,0.10,7560
2653,INV-2025-07-10-1653,7/10/2025,6,587,9,7,2500,1806,0.15,14875
2654,INV-2025-12-07-1654,12/7/2025,4,544,17,8,2200,1465,0.15,14960
2655,INV-2025-05-06-1655,5/6/2025,2,636,7,3,400,249,0.10,1080
2656,INV-2025-03-21-1656,3/21/2025,6,650,5,7,700,438,0.10,4410
2657,INV-2024-08-05-1657,8/5/2024,8,675,11,1,1500,977,0.15,1275
2658,INV-2025-07-29-1658,7/29/2025,4,520,20,4,4500,3193,0.00,18000
2659,INV-2025-02-07-1659,2/7/2025,5,516,17,2,2200,1583,0.10,3960
2660,INV-2023-11-10-1660,11/10/2023,4,529,13,4,800,476,0.05,3040
2661,INV-2024-01-13-1661,1/13/2024,1,681,19,3,850,592,0.00,2550
2662,INV-2025-11-29-1662,11/29/2025,7,620,19,5,850,582,0.00,4250
2663,INV-2024-02-15-1663,2/15/2024,3,550,11,5,1500,1048,0.05,7125
2664,INV-2025-08-06-1664,8/6/2025,1,607,11,6,1500,1028,0.00,9000
2665,INV-2025-10-01-1665,10/1/2025,1,529,19,6,850,504,0.15,4335
2666,INV-2023-01-24-1666,1/24/2023,4,668,2,1,1200,843,0.05,1140
2667,INV-2023-10-16-1667,10/16/2023,3,553,6,8,500,349,0.10,3600
2668,INV-2025-07-21-1668,7/21/2025,8,593,4,7,1500,866,0.15,8925
2669,INV-2025-08-13-1669,8/13/2025,5,606,4,4,1500,888,0.05,5700
2670,INV-2025-07-10-1670,7/10/2025,8,522,12,5,1200,695,0.05,5700
2671,INV-2025-03-06-1671,3/6/2025,2,647,12,1,1200,890,0.00,1200
2672,INV-2025-10-05-1672,10/5/2025,7,693,7,6,400,296,0.05,2280
2673,INV-2025-05-28-1673,5/28/2025,8,684,20,3,4500,3063,0.15,11475
2674,INV-2025-11-02-1674,11/2/2025,3,645,16,5,900,561,0.00,4500
2675,INV-2024-08-30-1675,8/30/2024,8,589,12,1,1200,784,0.05,1140
2676,INV-2024-04-27-1676,4/27/2024,6,551,20,2,4500,2842,0.10,8100
2677,INV-2025-04-12-1677,4/12/2025,6,563,9,6,2500,1524,0.05,14250
2678,INV-2023-07-06-1678,7/6/2023,4,543,8,8,300,197,0.10,2160
2679,INV-2024-03-24-1679,3/24/2024,2,670,13,1,800,589,0.10,720
2680,INV-2024-06-13-1680,6/13/2024,2,678,2,1,1200,681,0.00,1200
2681,INV-2025-12-11-1681,12/11/2025,8,523,4,2,1500,871,0.10,2700
2682,INV-2024-10-20-1682,10/20/2024,3,505,7,8,400,260,0.05,3040
2683,INV-2025-12-24-1683,12/24/2025,7,664,12,3,1200,745,0.15,3060
2684,INV-2024-11-29-1684,11/29/2024,3,601,9,4,2500,1424,0.05,9500
2685,INV-2025-08-19-1685,8/19/2025,7,529,13,2,800,451,0.05,1520
2686,INV-2025-06-02-1686,6/2/2025,5,634,4,6,1500,934,0.10,8100
2687,INV-2025-12-05-1687,12/5/2025,3,599,6,8,500,336,0.05,3800
2688,INV-2023-10-28-1688,10/28/2023,6,526,5,1,700,446,0.10,630
2689,INV-2024-04-30-1689,4/30/2024,3,674,12,3,1200,717,0.05,3420
2690,INV-2024-10-03-1690,10/3/2024,3,582,6,4,500,334,0.05,1900
2691,INV-2025-08-08-1691,8/8/2025,2,540,13,4,800,472,0.10,2880
2692,INV-2024-05-30-1692,5/30/2024,3,689,10,5,1800,1316,0.05,8550
2693,INV-2025-06-18-1693,6/18/2025,8,643,17,6,2200,1552,0.10,11880
2694,INV-2025-08-24-1694,8/24/2025,5,694,4,2,1500,1096,0.00,3000
2695,INV-2024-01-18-1695,1/18/2024,1,668,5,8,700,502,0.10,5040
2696,INV-2025-03-20-1696,3/20/2025,6,641,8,4,300,176,0.00,1200
2697,INV-2025-03-08-1697,3/8/2025,4,629,19,5,850,540,0.15,3612.5
2698,INV-2023-09-18-1698,9/18/2023,1,531,11,3,1500,1057,0.00,4500
2699,INV-2024-10-07-1699,10/7/2024,1,520,4,8,1500,1051,0.05,11400
2700,INV-2025-04-18-1700,4/18/2025,4,681,7,5,400,230,0.00,2000
2701,INV-2024-12-24-1701,12/24/2024,8,646,15,7,3500,2188,0.10,22050
2702,INV-2024-12-30-1702,12/30/2024,3,651,6,5,500,361,0.00,2500
2703,INV-2023-12-09-1703,12/9/2023,6,648,13,8,800,464,0.10,5760
2704,INV-2023-07-03-1704,7/3/2023,6,687,11,6,1500,951,0.15,7650
2705,INV-2024-10-10-1705,10/10/2024,8,516,1,6,650,434,0.00,3900
2706,INV-2025-12-03-1706,12/3/2025,3,602,16,4,900,623,0.15,3060
2707,INV-2025-06-12-1707,6/12/2025,4,560,12,2,1200,695,0.10,2160
2708,INV-2023-01-25-1708,1/25/2023,2,571,1,2,650,484,0.10,1170
2709,INV-2025-08-03-1709,8/3/2025,1,564,20,8,4500,2924,0.10,32400
2710,INV-2024-11-20-1710,11/20/2024,7,527,4,8,1500,929,0.00,12000
2711,INV-2025-09-16-1711,9/16/2025,6,588,16,7,900,578,0.00,6300
2712,INV-2023-07-23-1712,7/23/2023,4,602,6,3,500,309,0.10,1350
2713,INV-2025-01-03-1713,1/3/2025,1,640,12,2,1200,808,0.10,2160
2714,INV-2023-04-02-1714,4/2/2023,7,539,3,3,600,434,0.15,1530
2715,INV-2024-05-15-1715,5/15/2024,8,550,19,2,850,630,0.10,1530
2716,INV-2025-01-30-1716,1/30/2025,6,590,10,6,1800,1104,0.05,10260
2717,INV-2025-05-28-1717,5/28/2025,6,605,16,4,900,634,0.00,3600
2718,INV-2025-07-03-1718,7/3/2025,3,546,3,4,600,399,0.05,2280
2719,INV-2024-04-13-1719,4/13/2024,1,613,15,1,3500,2613,0.10,3150
2720,INV-2024-12-10-1720,12/10/2024,1,581,5,5,700,446,0.00,3500
2721,INV-2025-09-14-1721,9/14/2025,1,573,7,5,400,231,0.00,2000
2722,INV-2025-11-15-1722,11/15/2025,5,586,10,5,1800,1108,0.05,8550
2723,INV-2025-06-28-1723,6/28/2025,4,629,7,6,400,222,0.00,2400
2724,INV-2023-12-10-1724,12/10/2023,4,505,11,5,1500,982,0.10,6750
2725,INV-2024-03-25-1725,3/25/2024,6,680,1,4,650,426,0.00,2600
2726,INV-2025-10-03-1726,10/3/2025,3,584,9,4,2500,1650,0.00,10000
2727,INV-2025-11-16-1727,11/16/2025,7,543,1,3,650,363,0.10,1755
2728,INV-2025-02-18-1728,2/18/2025,3,655,12,4,1200,788,0.05,4560
2729,INV-2025-07-22-1729,7/22/2025,7,580,1,5,650,376,0.00,3250
2730,INV-2025-04-09-1730,4/9/2025,8,642,10,8,1800,1156,0.00,14400
2731,INV-2023-01-07-1731,1/7/2023,2,683,9,6,2500,1427,0.00,15000
2732,INV-2024-10-11-1732,10/11/2024,2,655,13,7,800,550,0.00,5600
2733,INV-2024-07-04-1733,7/4/2024,2,538,7,8,400,264,0.15,2720
2734,INV-2025-12-09-1734,12/9/2025,2,604,11,4,1500,883,0.00,6000
2735,INV-2023-09-06-1735,9/6/2023,4,592,11,5,1500,874,0.10,6750
2736,INV-2024-06-29-1736,6/29/2024,3,532,15,8,3500,2188,0.10,25200
2737,INV-2025-10-28-1737,10/28/2025,7,533,3,5,600,338,0.05,2850
2738,INV-2023-10-19-1738,10/19/2023,4,669,12,4,1200,793,0.00,4800
2739,INV-2025-11-26-1739,11/26/2025,8,662,8,3,300,181,0.10,810
2740,INV-2025-06-11-1740,6/11/2025,7,562,8,5,300,197,0.00,1500
2741,INV-2023-05-07-1741,5/7/2023,6,687,20,1,4500,2880,0.00,4500
2742,INV-2024-08-20-1742,8/20/2024,4,531,12,1,1200,710,0.00,1200
2743,INV-2024-07-26-1743,7/26/2024,8,613,3,7,600,416,0.05,3990
2744,INV-2025-05-09-1744,5/9/2025,2,596,3,2,600,338,0.10,1080
2745,INV-2025-10-31-1745,10/31/2025,3,588,18,4,750,497,0.00,3000
2746,INV-2025-06-20-1746,6/20/2025,5,648,8,5,300,201,0.05,1425
2747,INV-2024-08-15-1747,8/15/2024,4,618,11,5,1500,989,0.15,6375
2748,INV-2024-05-06-1748,5/6/2024,5,585,1,8,650,480,0.10,4680
2749,INV-2025-02-05-1749,2/5/2025,1,602,19,3,850,619,0.05,2422.5
2750,INV-2025-07-02-1750,7/2/2025,6,555,9,3,2500,1650,0.10,6750
2751,INV-2025-11-09-1751,11/9/2025,8,684,18,7,750,413,0.00,5250
2752,INV-2023-11-23-1752,11/23/2023,6,548,18,6,750,551,0.00,4500
2753,INV-2025-04-06-1753,4/6/2025,8,511,4,6,1500,1112,0.10,8100
2754,INV-2025-11-19-1754,11/19/2025,6,599,11,3,1500,916,0.05,4275
2755,INV-2025-03-12-1755,3/12/2025,6,626,7,7,400,242,0.00,2800
2756,INV-2025-05-28-1756,5/28/2025,2,607,18,2,750,463,0.15,1275
2757,INV-2024-03-10-1757,3/10/2024,2,667,18,5,750,428,0.10,3375
2758,INV-2025-11-13-1758,11/13/2025,3,596,2,6,1200,874,0.05,6840
2759,INV-2025-04-23-1759,4/23/2025,5,517,5,1,700,392,0.05,665
2760,INV-2024-12-11-1760,12/11/2024,3,541,9,8,2500,1803,0.00,20000
2761,INV-2025-02-11-1761,2/11/2025,4,691,4,8,1500,1101,0.10,10800
2762,INV-2025-07-30-1762,7/30/2025,6,640,6,8,500,359,0.00,4000
2763,INV-2025-05-14-1763,5/14/2025,6,509,8,2,300,218,0.00,600
2764,INV-2023-10-29-1764,10/29/2023,1,547,14,5,1200,763,0.00,6000
2765,INV-2024-08-03-1765,8/3/2024,2,598,12,2,1200,821,0.10,2160
2766,INV-2025-06-18-1766,6/18/2025,4,511,4,3,1500,1037,0.10,4050
2767,INV-2024-02-20-1767,2/20/2024,5,502,17,1,2200,1564,0.05,2090
2768,INV-2025-09-16-1768,9/16/2025,4,545,16,4,900,661,0.10,3240
2769,INV-2023-06-18-1769,6/18/2023,1,589,12,1,1200,822,0.00,1200
2770,INV-2025-08-12-1770,8/12/2025,5,682,19,3,850,528,0.05,2422.5
2771,INV-2025-08-12-1771,8/12/2025,8,646,13,4,800,498,0.00,3200
2772,INV-2025-03-09-1772,3/9/2025,8,556,9,5,2500,1686,0.00,12500
2773,INV-2023-11-21-1773,11/21/2023,1,691,19,7,850,511,0.05,5652.5
2774,INV-2023-08-23-1774,8/23/2023,4,635,15,6,3500,2010,0.00,21000
2775,INV-2025-06-15-1775,6/15/2025,2,663,4,5,1500,1027,0.00,7500
2776,INV-2025-10-13-1776,10/13/2025,7,682,15,4,3500,2360,0.15,11900
2777,INV-2024-07-14-1777,7/14/2024,7,617,3,2,600,446,0.00,1200
2778,INV-2025-04-25-1778,4/25/2025,6,690,10,3,1800,1244,0.10,4860
2779,INV-2025-04-09-1779,4/9/2025,7,697,17,7,2200,1255,0.10,13860
2780,INV-2024-08-07-1780,8/7/2024,1,510,9,4,2500,1705,0.00,10000
2781,INV-2024-05-03-1781,5/3/2024,8,533,12,3,1200,893,0.10,3240
2782,INV-2024-10-30-1782,10/30/2024,2,629,10,6,1800,1052,0.00,10800
2783,INV-2024-07-27-1783,7/27/2024,2,512,3,4,600,401,0.05,2280
2784,INV-2024-03-03-1784,3/3/2024,2,557,1,1,650,382,0.05,617.5
2785,INV-2023-06-20-1785,6/20/2023,3,642,7,4,400,222,0.00,1600
2786,INV-2025-12-02-1786,12/2/2025,4,522,16,2,900,674,0.10,1620
2787,INV-2024-04-02-1787,4/2/2024,7,559,19,6,850,570,0.00,5100
2788,INV-2025-10-16-1788,10/16/2025,5,673,19,1,850,481,0.05,807.5
2789,INV-2023-11-26-1789,11/26/2023,7,634,17,1,2200,1489,0.00,2200
2790,INV-2024-12-29-1790,12/29/2024,6,686,4,8,1500,888,0.00,12000
2791,INV-2024-03-19-1791,3/19/2024,2,648,20,1,4500,2639,0.00,4500
2792,INV-2025-04-03-1792,4/3/2025,1,566,8,4,300,188,0.15,1020
2793,INV-2025-04-27-1793,4/27/2025,4,658,7,2,400,294,0.10,720
2794,INV-2025-04-17-1794,4/17/2025,8,512,6,2,500,354,0.00,1000
2795,INV-2024-07-04-1795,7/4/2024,7,516,13,8,800,533,0.10,5760
2796,INV-2023-05-23-1796,5/23/2023,1,507,15,5,3500,2266,0.05,16625
2797,INV-2025-10-02-1797,10/2/2025,8,550,14,1,1200,758,0.00,1200
2798,INV-2024-09-12-1798,9/12/2024,2,656,20,6,4500,2741,0.00,27000
2799,INV-2025-07-30-1799,7/30/2025,4,566,18,7,750,452,0.10,4725
2800,INV-2025-04-17-1800,4/17/2025,6,561,16,4,900,655,0.00,3600
2801,INV-2025-12-28-1801,12/28/2025,4,659,8,6,300,166,0.00,1800
2802,INV-2025-04-08-1802,4/8/2025,7,694,17,6,2200,1602,0.00,13200
2803,INV-2024-01-03-1803,1/3/2024,5,626,9,5,2500,1577,0.05,11875
2804,INV-2025-08-31-1804,8/31/2025,3,634,1,3,650,481,0.15,1657.5
2805,INV-2024-02-09-1805,2/9/2024,1,503,11,1,1500,1071,0.00,1500
2806,INV-2024-03-18-1806,3/18/2024,1,639,11,5,1500,830,0.05,7125
2807,INV-2024-07-26-1807,7/26/2024,3,559,1,7,650,412,0.10,4095
2808,INV-2023-05-05-1808,5/5/2023,6,528,5,1,700,490,0.00,700
2809,INV-2023-04-10-1809,4/10/2023,1,697,17,8,2200,1646,0.05,16720
2810,INV-2024-09-20-1810,9/20/2024,4,585,15,2,3500,2296,0.10,6300
2811,INV-2025-04-25-1811,4/25/2025,2,690,11,7,1500,1110,0.00,10500
2812,INV-2025-11-09-1812,11/9/2025,8,611,7,8,400,234,0.05,3040
2813,INV-2025-08-15-1813,8/15/2025,5,565,1,6,650,379,0.00,3900
2814,INV-2023-04-30-1814,4/30/2023,4,604,13,4,800,441,0.10,2880
2815,INV-2025-05-18-1815,5/18/2025,6,690,11,7,1500,906,0.00,10500
2816,INV-2025-02-28-1816,2/28/2025,6,688,3,2,600,407,0.05,1140
2817,INV-2025-09-19-1817,9/19/2025,1,509,9,3,2500,1665,0.05,7125
2818,INV-2024-07-22-1818,7/22/2024,2,666,17,5,2200,1442,0.05,10450
2819,INV-2024-06-11-1819,6/11/2024,3,585,7,1,400,251,0.05,380
2820,INV-2025-10-30-1820,10/30/2025,8,540,17,5,2200,1384,0.00,11000
2821,INV-2025-01-29-1821,1/29/2025,3,695,17,1,2200,1474,0.05,2090
2822,INV-2025-03-17-1822,3/17/2025,5,630,20,6,4500,3265,0.15,22950
2823,INV-2025-04-05-1823,4/5/2025,5,558,3,2,600,437,0.05,1140
2824,INV-2025-05-31-1824,5/31/2025,1,605,11,7,1500,1116,0.15,8925
2825,INV-2023-09-14-1825,9/14/2023,5,592,13,2,800,510,0.00,1600
2826,INV-2024-04-22-1826,4/22/2024,5,511,17,5,2200,1501,0.10,9900
2827,INV-2025-03-19-1827,3/19/2025,6,589,7,4,400,269,0.00,1600
2828,INV-2024-02-26-1828,2/26/2024,4,604,2,5,1200,797,0.00,6000
2829,INV-2023-03-31-1829,3/31/2023,6,683,4,8,1500,1033,0.05,11400
2830,INV-2025-09-19-1830,9/19/2025,7,543,6,3,500,366,0.10,1350
2831,INV-2025-07-10-1831,7/10/2025,2,551,7,5,400,294,0.00,2000
2832,INV-2023-02-06-1832,2/6/2023,3,638,19,5,850,608,0.15,3612.5
2833,INV-2024-06-15-1833,6/15/2024,3,567,13,7,800,493,0.00,5600
2834,INV-2025-10-16-1834,10/16/2025,8,605,13,5,800,590,0.00,4000
2835,INV-2025-03-13-1835,3/13/2025,2,585,12,2,1200,707,0.05,2280
2836,INV-2025-08-01-1836,8/1/2025,2,580,14,1,1200,829,0.05,1140
2837,INV-2025-01-02-1837,1/2/2025,4,515,15,1,3500,2045,0.10,3150
2838,INV-2024-10-16-1838,10/16/2024,1,569,14,7,1200,788,0.05,7980
2839,INV-2024-09-27-1839,9/27/2024,4,675,16,8,900,669,0.10,6480
2840,INV-2023-04-04-1840,4/4/2023,3,632,1,5,650,395,0.10,2925
2841,INV-2024-02-06-1841,2/6/2024,6,635,12,7,1200,680,0.10,7560
2842,INV-2025-11-20-1842,11/20/2025,2,523,13,4,800,494,0.15,2720
2843,INV-2025-05-14-1843,5/14/2025,8,615,3,3,600,366,0.10,1620
2844,INV-2025-07-16-1844,7/16/2025,5,509,17,7,2200,1443,0.05,14630
2845,INV-2024-10-31-1845,10/31/2024,4,512,1,5,650,401,0.00,3250
2846,INV-2023-06-24-1846,6/24/2023,4,662,3,3,600,352,0.00,1800
2847,INV-2023-08-26-1847,8/26/2023,5,631,15,7,3500,1953,0.05,23275
2848,INV-2025-10-08-1848,10/8/2025,3,550,20,3,4500,2763,0.00,13500
2849,INV-2023-12-20-1849,12/20/2023,1,508,4,2,1500,836,0.00,3000
2850,INV-2025-11-10-1850,11/10/2025,1,588,17,4,2200,1551,0.05,8360
2851,INV-2024-06-06-1851,6/6/2024,2,669,12,4,1200,739,0.00,4800
2852,INV-2024-07-16-1852,7/16/2024,3,535,5,1,700,440,0.00,700
2853,INV-2025-03-10-1853,3/10/2025,3,586,17,1,2200,1473,0.10,1980
2854,INV-2025-11-27-1854,11/27/2025,1,690,13,1,800,561,0.00,800
2855,INV-2025-06-07-1855,6/7/2025,3,698,7,1,400,266,0.00,400
2856,INV-2025-05-17-1856,5/17/2025,2,547,12,3,1200,813,0.05,3420
2857,INV-2023-07-25-1857,7/25/2023,6,543,7,4,400,240,0.10,1440
2858,INV-2024-11-12-1858,11/12/2024,4,608,6,4,500,369,0.00,2000
2859,INV-2023-07-13-1859,7/13/2023,1,514,2,8,1200,818,0.00,9600
2860,INV-2024-05-26-1860,5/26/2024,8,553,11,7,1500,1036,0.05,9975
2861,INV-2024-06-13-1861,6/13/2024,1,618,4,3,1500,1040,0.15,3825
2862,INV-2025-07-09-1862,7/9/2025,3,540,8,5,300,209,0.00,1500
2863,INV-2025-11-29-1863,11/29/2025,3,517,19,8,850,471,0.00,6800
2864,INV-2025-06-21-1864,6/21/2025,5,635,19,5,850,480,0.00,4250
2865,INV-2025-05-03-1865,5/3/2025,3,584,18,8,750,482,0.05,5700
2866,INV-2024-09-20-1866,9/20/2024,4,634,19,6,850,604,0.05,4845
2867,INV-2024-12-16-1867,12/16/2024,3,586,4,7,1500,983,0.05,9975
2868,INV-2024-01-07-1868,1/7/2024,5,505,16,8,900,591,0.05,6840
2869,INV-2024-10-15-1869,10/15/2024,4,505,2,1,1200,815,0.05,1140
2870,INV-2025-08-17-1870,8/17/2025,6,697,11,4,1500,848,0.00,6000
2871,INV-2025-05-31-1871,5/31/2025,6,571,20,1,4500,2707,0.05,4275
2872,INV-2025-10-26-1872,10/26/2025,7,515,6,5,500,366,0.05,2375
2873,INV-2024-06-27-1873,6/27/2024,8,621,19,7,850,616,0.00,5950
2874,INV-2023-10-22-1874,10/22/2023,8,580,15,2,3500,2595,0.00,7000
2875,INV-2024-04-29-1875,4/29/2024,6,617,8,5,300,177,0.00,1500
2876,INV-2025-08-13-1876,8/13/2025,3,506,9,8,2500,1815,0.00,20000
2877,INV-2025-10-10-1877,10/10/2025,5,508,20,3,4500,2673,0.05,12825
2878,INV-2023-08-01-1878,8/1/2023,8,658,16,4,900,609,0.00,3600
2879,INV-2025-04-04-1879,4/4/2025,5,625,1,2,650,412,0.05,1235
2880,INV-2023-11-26-1880,11/26/2023,7,662,7,1,400,295,0.05,380
2881,INV-2024-05-07-1881,5/7/2024,7,547,7,7,400,284,0.00,2800
2882,INV-2025-08-07-1882,8/7/2025,7,588,2,4,1200,796,0.00,4800
2883,INV-2025-12-17-1883,12/17/2025,5,522,11,8,1500,825,0.10,10800
2884,INV-2025-03-10-1884,3/10/2025,5,501,2,4,1200,707,0.10,4320
2885,INV-2025-03-08-1885,3/8/2025,4,611,7,4,400,224,0.05,1520
2886,INV-2024-07-25-1886,7/25/2024,2,522,14,1,1200,728,0.10,1080
2887,INV-2025-09-09-1887,9/9/2025,8,644,14,4,1200,795,0.00,4800
2888,INV-2025-06-02-1888,6/2/2025,5,658,5,3,700,440,0.10,1890
2889,INV-2024-01-18-1889,1/18/2024,6,613,10,2,1800,1033,0.15,3060
2890,INV-2025-10-28-1890,10/28/2025,3,625,5,8,700,386,0.10,5040
2891,INV-2023-10-05-1891,10/5/2023,1,589,20,2,4500,2590,0.15,7650
2892,INV-2025-11-23-1892,11/23/2025,1,555,1,5,650,398,0.00,3250
2893,INV-2025-11-28-1893,11/28/2025,1,501,12,4,1200,898,0.00,4800
2894,INV-2024-10-20-1894,10/20/2024,1,527,15,4,3500,2539,0.05,13300
2895,INV-2025-01-14-1895,1/14/2025,6,558,1,5,650,453,0.00,3250
2896,INV-2024-03-21-1896,3/21/2024,8,504,19,2,850,620,0.05,1615
2897,INV-2025-05-16-1897,5/16/2025,8,679,4,1,1500,1081,0.00,1500
2898,INV-2023-11-17-1898,11/17/2023,1,676,14,5,1200,893,0.10,5400
2899,INV-2023-05-25-1899,5/25/2023,4,660,6,3,500,279,0.05,1425
2900,INV-2024-12-30-1900,12/30/2024,4,585,10,1,1800,1120,0.10,1620
2901,INV-2024-05-09-1901,5/9/2024,7,566,16,6,900,547,0.10,4860
2902,INV-2025-02-24-1902,2/24/2025,6,518,7,6,400,276,0.15,2040
2903,INV-2024-07-13-1903,7/13/2024,5,515,4,1,1500,995,0.00,1500
2904,INV-2024-09-18-1904,9/18/2024,1,573,3,1,600,348,0.05,570
2905,INV-2025-11-18-1905,11/18/2025,3,633,20,8,4500,2815,0.05,34200
2906,INV-2024-04-29-1906,4/29/2024,7,604,13,7,800,565,0.00,5600
2907,INV-2025-04-05-1907,4/5/2025,1,626,10,4,1800,1198,0.00,7200
2908,INV-2025-05-30-1908,5/30/2025,1,684,17,7,2200,1367,0.10,13860
2909,INV-2025-07-01-1909,7/1/2025,3,607,4,3,1500,1105,0.10,4050
2910,INV-2025-04-25-1910,4/25/2025,3,564,11,7,1500,1030,0.10,9450
2911,INV-2024-03-04-1911,3/4/2024,1,617,15,1,3500,2601,0.05,3325
2912,INV-2025-10-28-1912,10/28/2025,3,603,20,2,4500,3360,0.00,9000
2913,INV-2024-08-09-1913,8/9/2024,7,541,10,5,1800,1119,0.10,8100
2914,INV-2025-08-23-1914,8/23/2025,2,543,20,6,4500,3236,0.00,27000
2915,INV-2024-08-21-1915,8/21/2024,1,626,4,6,1500,1048,0.10,8100
2916,INV-2025-05-10-1916,5/10/2025,3,588,9,4,2500,1692,0.05,9500
2917,INV-2024-12-21-1917,12/21/2024,6,691,2,4,1200,832,0.00,4800
2918,INV-2024-05-07-1918,5/7/2024,2,691,12,8,1200,771,0.15,8160
2919,INV-2025-06-19-1919,6/19/2025,4,586,17,7,2200,1411,0.00,15400
2920,INV-2023-12-02-1920,12/2/2023,6,639,2,6,1200,875,0.00,7200
2921,INV-2025-06-12-1921,6/12/2025,1,641,2,5,1200,847,0.00,6000
2922,INV-2025-09-28-1922,9/28/2025,8,521,15,1,3500,2291,0.10,3150
2923,INV-2025-11-14-1923,11/14/2025,7,654,9,8,2500,1719,0.15,17000
2924,INV-2024-09-04-1924,9/4/2024,3,567,12,1,1200,877,0.00,1200
2925,INV-2024-04-07-1925,4/7/2024,8,652,11,7,1500,1036,0.10,9450
2926,INV-2023-09-10-1926,9/10/2023,4,644,8,6,300,165,0.00,1800
2927,INV-2025-07-15-1927,7/15/2025,1,600,8,3,300,188,0.15,765
2928,INV-2025-07-19-1928,7/19/2025,5,692,12,4,1200,690,0.05,4560
2929,INV-2025-12-02-1929,12/2/2025,1,535,14,5,1200,797,0.15,5100
2930,INV-2024-02-23-1930,2/23/2024,5,650,6,8,500,315,0.05,3800
2931,INV-2025-09-18-1931,9/18/2025,5,654,9,5,2500,1777,0.00,12500
2932,INV-2024-11-01-1932,11/1/2024,6,674,2,4,1200,849,0.00,4800
2933,INV-2025-08-25-1933,8/25/2025,6,603,7,2,400,234,0.10,720
2934,INV-2025-05-12-1934,5/12/2025,5,554,4,6,1500,943,0.00,9000
2935,INV-2025-10-30-1935,10/30/2025,3,646,3,6,600,354,0.00,3600
2936,INV-2025-11-15-1936,11/15/2025,1,680,11,4,1500,1098,0.00,6000
2937,INV-2024-12-09-1937,12/9/2024,5,544,3,7,600,414,0.00,4200
2938,INV-2024-07-14-1938,7/14/2024,5,510,12,8,1200,825,0.00,9600
2939,INV-2025-11-23-1939,11/23/2025,7,654,6,4,500,359,0.00,2000
2940,INV-2025-08-23-1940,8/23/2025,3,547,8,6,300,184,0.00,1800
2941,INV-2024-08-05-1941,8/5/2024,7,503,14,2,1200,678,0.05,2280
2942,INV-2024-07-05-1942,7/5/2024,6,526,5,3,700,468,0.15,1785
2943,INV-2025-09-05-1943,9/5/2025,1,550,18,3,750,498,0.15,1912.5
2944,INV-2025-06-12-1944,6/12/2025,7,661,9,7,2500,1722,0.15,14875
2945,INV-2025-02-22-1945,2/22/2025,1,548,12,1,1200,858,0.00,1200
2946,INV-2023-08-05-1946,8/5/2023,7,680,2,3,1200,678,0.15,3060
2947,INV-2024-03-07-1947,3/7/2024,3,661,16,6,900,551,0.05,5130
2948,INV-2025-04-20-1948,4/20/2025,6,698,9,5,2500,1553,0.05,11875
2949,INV-2025-06-21-1949,6/21/2025,1,619,16,7,900,589,0.00,6300
2950,INV-2025-09-30-1950,9/30/2025,4,607,6,4,500,303,0.05,1900
2951,INV-2025-10-19-1951,10/19/2025,4,608,15,2,3500,2018,0.10,6300
2952,INV-2025-02-04-1952,2/4/2025,4,551,13,7,800,530,0.10,5040
2953,INV-2025-10-08-1953,10/8/2025,8,591,13,5,800,590,0.00,4000
2954,INV-2024-11-08-1954,11/8/2024,4,526,7,2,400,256,0.10,720
2955,INV-2025-07-03-1955,7/3/2025,6,586,17,5,2200,1527,0.10,9900
2956,INV-2025-03-13-1956,3/13/2025,8,532,4,1,1500,848,0.10,1350
2957,INV-2023-07-19-1957,7/19/2023,4,508,15,7,3500,1980,0.00,24500
2958,INV-2025-03-14-1958,3/14/2025,7,675,12,7,1200,868,0.10,7560
2959,INV-2025-12-23-1959,12/23/2025,5,603,19,7,850,611,0.00,5950
2960,INV-2025-05-21-1960,5/21/2025,1,607,10,4,1800,1297,0.00,7200
2961,INV-2025-07-20-1961,7/20/2025,8,624,13,2,800,598,0.05,1520
2962,INV-2024-02-01-1962,2/1/2024,1,626,19,8,850,485,0.10,6120
2963,INV-2023-04-26-1963,4/26/2023,2,641,4,8,1500,891,0.10,10800
2964,INV-2023-05-13-1964,5/13/2023,5,547,10,5,1800,1077,0.10,8100
2965,INV-2025-10-08-1965,10/8/2025,5,622,10,4,1800,1310,0.00,7200
2966,INV-2025-12-11-1966,12/11/2025,1,591,1,2,650,427,0.10,1170
2967,INV-2023-12-22-1967,12/22/2023,3,551,3,3,600,450,0.05,1710
2968,INV-2024-11-19-1968,11/19/2024,6,643,3,8,600,420,0.10,4320
2969,INV-2025-08-06-1969,8/6/2025,8,617,19,1,850,471,0.00,850
2970,INV-2025-11-19-1970,11/19/2025,6,610,3,7,600,405,0.00,4200
2971,INV-2024-01-30-1971,1/30/2024,7,589,16,2,900,601,0.05,1710
2972,INV-2025-07-30-1972,7/30/2025,7,563,11,4,1500,1088,0.05,5700
2973,INV-2025-10-14-1973,10/14/2025,8,688,2,5,1200,822,0.00,6000
2974,INV-2024-08-29-1974,8/29/2024,8,668,20,1,4500,3092,0.05,4275
2975,INV-2025-12-10-1975,12/10/2025,8,700,10,3,1800,1302,0.05,5130
2976,INV-2023-02-07-1976,2/7/2023,6,674,2,1,1200,804,0.10,1080
2977,INV-2024-11-20-1977,11/20/2024,7,547,13,3,800,516,0.00,2400
2978,INV-2025-12-15-1978,12/15/2025,4,604,16,2,900,627,0.05,1710
2979,INV-2025-09-02-1979,9/2/2025,2,597,20,8,4500,2719,0.05,34200
2980,INV-2025-09-03-1980,9/3/2025,6,553,5,6,700,521,0.00,4200
2981,INV-2023-08-27-1981,8/27/2023,5,558,10,5,1800,1177,0.10,8100
2982,INV-2025-03-11-1982,3/11/2025,2,665,2,8,1200,897,0.15,8160
2983,INV-2025-01-13-1983,1/13/2025,3,533,1,4,650,396,0.00,2600
2984,INV-2025-08-11-1984,8/11/2025,8,565,20,1,4500,2993,0.15,3825
2985,INV-2025-07-22-1985,7/22/2025,7,558,8,8,300,195,0.05,2280
2986,INV-2025-10-12-1986,10/12/2025,4,657,12,2,1200,809,0.10,2160
2987,INV-2024-02-06-1987,2/6/2024,6,582,20,1,4500,2824,0.05,4275
2988,INV-2025-07-26-1988,7/26/2025,5,595,7,5,400,276,0.15,1700
2989,INV-2024-08-21-1989,8/21/2024,3,578,5,6,700,479,0.00,4200
2990,INV-2024-04-23-1990,4/23/2024,2,582,16,6,900,540,0.00,5400
2991,INV-2025-06-18-1991,6/18/2025,6,691,4,7,1500,1068,0.00,10500
2992,INV-2025-12-04-1992,12/4/2025,5,665,2,1,1200,880,0.00,1200
2993,INV-2024-08-12-1993,8/12/2024,8,543,17,8,2200,1465,0.00,17600
2994,INV-2025-05-25-1994,5/25/2025,2,570,6,3,500,357,0.10,1350
2995,INV-2025-10-08-1995,10/8/2025,3,542,14,1,1200,681,0.00,1200
2996,INV-2025-01-10-1996,1/10/2025,6,580,15,3,3500,2570,0.00,10500
2997,INV-2024-12-09-1997,12/9/2024,6,586,4,4,1500,1015,0.00,6000
2998,INV-2025-12-10-1998,12/10/2025,4,625,15,3,3500,2049,0.05,9975
2999,INV-2025-09-17-1999,9/17/2025,8,507,4,4,1500,858,0.00,6000
3000,INV-2025-12-23-2000,12/23/2025,3,699,11,6,1500,1002,0.10,8100
